timestamp,open,high,low,close,volume
2025-05-22 00:00:00+00:00,0.06783,0.06793,0.06753,0.06769,63005.0
2025-05-22 00:01:00+00:00,0.06762,0.06764,0.06754,0.06759,1658.0
2025-05-22 00:02:00+00:00,0.06758,0.06758,0.06745,0.06749,15658.0
2025-05-22 00:03:00+00:00,0.0675,0.06785,0.0675,0.06773,20914.0
2025-05-22 00:04:00+00:00,0.06774,0.06779,0.06756,0.06767,158596.0
2025-05-22 00:05:00+00:00,0.06767,0.06776,0.0675,0.06772,79939.0
2025-05-22 00:06:00+00:00,0.06769,0.06786,0.06754,0.06763,22101.0
2025-05-22 00:07:00+00:00,0.06753,0.06753,0.06734,0.06746,44693.0
2025-05-22 00:08:00+00:00,0.06743,0.06748,0.0673,0.06734,26296.0
2025-05-22 00:09:00+00:00,0.06734,0.06763,0.0673,0.06763,29424.0
2025-05-22 00:10:00+00:00,0.06762,0.06769,0.06745,0.06754,37562.0
2025-05-22 00:11:00+00:00,0.06757,0.06759,0.06751,0.06755,7464.0
2025-05-22 00:12:00+00:00,0.06752,0.06767,0.06752,0.06757,19912.0
2025-05-22 00:13:00+00:00,0.06758,0.068,0.06758,0.06772,168093.0
2025-05-22 00:14:00+00:00,0.06771,0.06773,0.06744,0.06756,30227.0
2025-05-22 00:15:00+00:00,0.06755,0.06763,0.06741,0.06756,36085.0
2025-05-22 00:16:00+00:00,0.06751,0.06753,0.06744,0.06753,7765.0
2025-05-22 00:17:00+00:00,0.06746,0.06768,0.06744,0.06768,35882.0
2025-05-22 00:18:00+00:00,0.06762,0.06817,0.06762,0.0681,65761.0
2025-05-22 00:19:00+00:00,0.06814,0.06824,0.06783,0.06783,64403.0
2025-05-22 00:20:00+00:00,0.06791,0.06791,0.0673,0.06742,78795.0
2025-05-22 00:21:00+00:00,0.06745,0.06818,0.06743,0.06817,192234.0
2025-05-22 00:22:00+00:00,0.06816,0.06856,0.06745,0.06759,212596.0
2025-05-22 00:23:00+00:00,0.06754,0.06848,0.06739,0.06739,280582.0
2025-05-22 00:24:00+00:00,0.06747,0.06884,0.06747,0.06804,353014.0
2025-05-22 00:25:00+00:00,0.06808,0.06813,0.06748,0.06748,136808.0
2025-05-22 00:26:00+00:00,0.06749,0.0676,0.06713,0.06722,41805.0
2025-05-22 00:27:00+00:00,0.06714,0.06816,0.06713,0.06745,181720.0
2025-05-22 00:28:00+00:00,0.06745,0.06795,0.06745,0.06787,61911.0
2025-05-22 00:29:00+00:00,0.06783,0.06783,0.06759,0.0678,60364.0
2025-05-22 00:30:00+00:00,0.06783,0.06802,0.06783,0.06791,13249.0
2025-05-22 00:31:00+00:00,0.06796,0.06809,0.06786,0.06804,45103.0
2025-05-22 00:32:00+00:00,0.06802,0.06814,0.06782,0.06782,8474.0
2025-05-22 00:33:00+00:00,0.06789,0.06791,0.06757,0.06763,72234.0
2025-05-22 00:34:00+00:00,0.06762,0.06796,0.06725,0.06796,167147.0
2025-05-22 00:35:00+00:00,0.06786,0.068,0.06776,0.06787,53378.0
2025-05-22 00:36:00+00:00,0.06791,0.06872,0.06791,0.06864,240520.0
2025-05-22 00:37:00+00:00,0.06872,0.06873,0.0677,0.06792,271472.0
2025-05-22 00:38:00+00:00,0.06798,0.06826,0.06794,0.06819,64997.0
2025-05-22 00:39:00+00:00,0.0682,0.06849,0.06811,0.06811,216597.0
2025-05-22 00:40:00+00:00,0.06808,0.06819,0.06754,0.06758,93356.0
2025-05-22 00:41:00+00:00,0.06757,0.06767,0.06753,0.06767,19122.0
2025-05-22 00:42:00+00:00,0.06761,0.06769,0.06761,0.06761,15646.0
2025-05-22 00:43:00+00:00,0.06762,0.06774,0.0675,0.06762,37706.0
2025-05-22 00:44:00+00:00,0.06778,0.06788,0.06777,0.06788,5768.0
2025-05-22 00:45:00+00:00,0.06789,0.06819,0.06787,0.06819,2269.0
2025-05-22 00:46:00+00:00,0.06821,0.06836,0.06785,0.06786,73001.0
2025-05-22 00:47:00+00:00,0.06784,0.06784,0.06771,0.06774,6070.0
2025-05-22 00:48:00+00:00,0.06772,0.06772,0.06767,0.06767,3344.0
2025-05-22 00:49:00+00:00,0.06767,0.06767,0.06753,0.06755,5106.0
2025-05-22 00:50:00+00:00,0.06753,0.06753,0.0675,0.06752,1886.0
2025-05-22 00:51:00+00:00,0.06753,0.06781,0.0675,0.0678,78853.0
2025-05-22 00:52:00+00:00,0.06772,0.06772,0.0675,0.0675,65039.0
2025-05-22 00:53:00+00:00,0.06751,0.06769,0.06736,0.06764,59989.0
2025-05-22 00:54:00+00:00,0.0676,0.06768,0.06748,0.06768,20846.0
2025-05-22 00:55:00+00:00,0.06769,0.06772,0.06753,0.06759,4552.0
2025-05-22 00:56:00+00:00,0.06753,0.06753,0.0674,0.06741,7850.0
2025-05-22 00:57:00+00:00,0.06742,0.06745,0.0673,0.06745,3493.0
2025-05-22 00:58:00+00:00,0.06746,0.06775,0.06743,0.06766,19955.0
2025-05-22 00:59:00+00:00,0.06765,0.06765,0.06728,0.06728,28027.0
2025-05-22 01:00:00+00:00,0.06744,0.0677,0.06744,0.06768,2513.0
2025-05-22 01:01:00+00:00,0.06767,0.06778,0.06762,0.06778,10858.0
2025-05-22 01:02:00+00:00,0.0677,0.06772,0.06759,0.06772,539.0
2025-05-22 01:03:00+00:00,0.06772,0.06784,0.06772,0.06781,7994.0
2025-05-22 01:04:00+00:00,0.06781,0.06784,0.06772,0.06775,3753.0
2025-05-22 01:05:00+00:00,0.06774,0.06774,0.06774,0.06774,89.0
2025-05-22 01:06:00+00:00,0.06779,0.06811,0.06779,0.06793,151228.0
2025-05-22 01:07:00+00:00,0.06786,0.06791,0.06782,0.06789,2528.0
2025-05-22 01:08:00+00:00,0.0678,0.0678,0.0677,0.0677,1085.0
2025-05-22 01:09:00+00:00,0.0677,0.06781,0.06769,0.06769,15569.0
2025-05-22 01:10:00+00:00,0.06779,0.06802,0.06779,0.06798,2426.0
2025-05-22 01:11:00+00:00,0.06795,0.06795,0.0678,0.0678,2064.0
2025-05-22 01:12:00+00:00,0.06782,0.06788,0.0678,0.06788,749.0
2025-05-22 01:13:00+00:00,0.06787,0.06787,0.06787,0.06787,702.0
2025-05-22 01:14:00+00:00,0.06777,0.0678,0.06748,0.06757,26039.0
2025-05-22 01:15:00+00:00,0.06759,0.06762,0.06742,0.06746,55085.0
2025-05-22 01:16:00+00:00,0.06749,0.06772,0.06749,0.06761,13794.0
2025-05-22 01:17:00+00:00,0.06758,0.06763,0.06757,0.06759,4898.0
2025-05-22 01:18:00+00:00,0.06758,0.0676,0.06747,0.06748,672.0
2025-05-22 01:19:00+00:00,0.06756,0.06778,0.06756,0.06775,25023.0
2025-05-22 01:20:00+00:00,0.0677,0.06783,0.0676,0.06773,14865.0
2025-05-22 01:21:00+00:00,0.06775,0.06791,0.06769,0.06777,6873.0
2025-05-22 01:22:00+00:00,0.06785,0.06786,0.0678,0.0678,2525.0
2025-05-22 01:23:00+00:00,0.0678,0.06788,0.06777,0.06788,4125.0
2025-05-22 01:24:00+00:00,0.06782,0.06797,0.06782,0.06782,20266.0
2025-05-22 01:25:00+00:00,0.06782,0.06795,0.06782,0.0679,16790.0
2025-05-22 01:26:00+00:00,0.06786,0.06788,0.0677,0.0677,6469.0
2025-05-22 01:27:00+00:00,0.06778,0.06787,0.06778,0.06782,1825.0
2025-05-22 01:28:00+00:00,0.06787,0.06798,0.06781,0.06798,1321.0
2025-05-22 01:29:00+00:00,0.06799,0.068,0.06787,0.06787,3189.0
2025-05-22 01:30:00+00:00,0.06786,0.06788,0.06776,0.0678,8170.0
2025-05-22 01:31:00+00:00,0.06779,0.06796,0.06771,0.06794,25162.0
2025-05-22 01:32:00+00:00,0.06789,0.06789,0.06772,0.06776,3432.0
2025-05-22 01:33:00+00:00,0.06777,0.06794,0.06777,0.06794,3161.0
2025-05-22 01:34:00+00:00,0.06789,0.06795,0.06785,0.06785,17208.0
2025-05-22 01:35:00+00:00,0.06791,0.06805,0.06791,0.06805,6940.0
2025-05-22 01:36:00+00:00,0.06802,0.06802,0.06802,0.06802,1777.0
2025-05-22 01:37:00+00:00,0.06801,0.06803,0.06801,0.06801,6445.0
2025-05-22 01:38:00+00:00,0.06802,0.06802,0.06799,0.06799,2272.0
2025-05-22 01:39:00+00:00,0.06802,0.06827,0.068,0.06822,9552.0
2025-05-22 01:40:00+00:00,0.06817,0.06819,0.06797,0.06816,3443.0
2025-05-22 01:41:00+00:00,0.06816,0.0684,0.06813,0.06836,7133.0
2025-05-22 01:42:00+00:00,0.06836,0.0685,0.06828,0.0685,59293.0
2025-05-22 01:43:00+00:00,0.06847,0.0685,0.06841,0.0685,7447.0
2025-05-22 01:44:00+00:00,0.0685,0.06905,0.0685,0.06863,175789.0
2025-05-22 01:45:00+00:00,0.06858,0.06889,0.06858,0.06884,16325.0
2025-05-22 01:46:00+00:00,0.06877,0.06897,0.06866,0.06866,13192.0
2025-05-22 01:47:00+00:00,0.06874,0.06884,0.06874,0.06884,675.0
2025-05-22 01:48:00+00:00,0.06884,0.06889,0.06884,0.06884,4094.0
2025-05-22 01:49:00+00:00,0.06884,0.06884,0.06829,0.06833,73448.0
2025-05-22 01:50:00+00:00,0.0684,0.06857,0.0684,0.06844,10987.0
2025-05-22 01:51:00+00:00,0.0685,0.0685,0.06848,0.06848,1209.0
2025-05-22 01:52:00+00:00,0.06844,0.06861,0.06839,0.06861,13549.0
2025-05-22 01:53:00+00:00,0.0686,0.0686,0.06825,0.06843,69534.0
2025-05-22 01:54:00+00:00,0.06836,0.06874,0.06833,0.06869,67839.0
2025-05-22 01:55:00+00:00,0.06869,0.06873,0.06863,0.06869,34939.0
2025-05-22 01:56:00+00:00,0.06869,0.06873,0.06866,0.06871,34371.0
2025-05-22 01:57:00+00:00,0.06873,0.06873,0.06867,0.0687,35767.0
2025-05-22 01:58:00+00:00,0.0687,0.06873,0.06863,0.06863,52987.0
2025-05-22 01:59:00+00:00,0.06866,0.06873,0.06864,0.0687,37105.0
2025-05-22 02:00:00+00:00,0.06867,0.06903,0.06866,0.06894,249231.0
2025-05-22 02:01:00+00:00,0.06893,0.06894,0.06877,0.06893,27386.0
2025-05-22 02:02:00+00:00,0.06888,0.06902,0.06885,0.06898,38916.0
2025-05-22 02:03:00+00:00,0.06898,0.06903,0.06871,0.06883,80520.0
2025-05-22 02:04:00+00:00,0.06883,0.069,0.06878,0.06891,30458.0
2025-05-22 02:05:00+00:00,0.06891,0.06907,0.06891,0.06902,33653.0
2025-05-22 02:06:00+00:00,0.06902,0.06907,0.06892,0.06894,51044.0
2025-05-22 02:07:00+00:00,0.06896,0.06971,0.06895,0.06941,153012.0
2025-05-22 02:08:00+00:00,0.06937,0.07,0.06937,0.06999,76140.0
2025-05-22 02:09:00+00:00,0.06984,0.07038,0.06974,0.07032,131111.0
2025-05-22 02:10:00+00:00,0.07026,0.07058,0.0698,0.07026,129219.0
2025-05-22 02:11:00+00:00,0.07012,0.07024,0.07002,0.07018,22313.0
2025-05-22 02:12:00+00:00,0.0702,0.0702,0.07003,0.07015,12519.0
2025-05-22 02:13:00+00:00,0.07015,0.07017,0.06964,0.06979,50854.0
2025-05-22 02:14:00+00:00,0.06977,0.06989,0.06957,0.06977,34319.0
2025-05-22 02:15:00+00:00,0.06977,0.06985,0.06963,0.06967,48037.0
2025-05-22 02:16:00+00:00,0.06969,0.06974,0.06949,0.06956,27538.0
2025-05-22 02:17:00+00:00,0.06952,0.06953,0.06904,0.06915,130008.0
2025-05-22 02:18:00+00:00,0.06912,0.06942,0.06908,0.06935,46582.0
2025-05-22 02:19:00+00:00,0.06935,0.0694,0.06915,0.06939,28143.0
2025-05-22 02:20:00+00:00,0.06936,0.06961,0.06928,0.06961,28496.0
2025-05-22 02:21:00+00:00,0.0695,0.0704,0.06944,0.06975,195311.0
2025-05-22 02:22:00+00:00,0.06975,0.06983,0.06958,0.06964,65801.0
2025-05-22 02:23:00+00:00,0.06962,0.06984,0.06942,0.0698,196402.0
2025-05-22 02:24:00+00:00,0.0698,0.07023,0.06951,0.0696,414529.0
2025-05-22 02:25:00+00:00,0.06959,0.06982,0.06932,0.06978,350081.0
2025-05-22 02:26:00+00:00,0.06968,0.06973,0.06956,0.06965,52820.0
2025-05-22 02:27:00+00:00,0.06963,0.06968,0.06929,0.06935,37934.0
2025-05-22 02:28:00+00:00,0.06936,0.06946,0.0692,0.06938,53973.0
2025-05-22 02:29:00+00:00,0.06938,0.06973,0.06906,0.06946,161578.0
2025-05-22 02:30:00+00:00,0.06939,0.06955,0.06938,0.06949,108351.0
2025-05-22 02:31:00+00:00,0.06946,0.06958,0.06939,0.06954,27102.0
2025-05-22 02:32:00+00:00,0.06949,0.06966,0.06943,0.06951,32192.0
2025-05-22 02:33:00+00:00,0.06957,0.06958,0.06949,0.06952,24313.0
2025-05-22 02:34:00+00:00,0.06952,0.0696,0.06944,0.06947,26971.0
2025-05-22 02:35:00+00:00,0.06944,0.06959,0.06943,0.06959,26044.0
2025-05-22 02:36:00+00:00,0.06959,0.0696,0.06943,0.0695,27095.0
2025-05-22 02:37:00+00:00,0.0695,0.06967,0.06943,0.06958,30939.0
2025-05-22 02:38:00+00:00,0.06954,0.06988,0.06954,0.06986,43992.0
2025-05-22 02:39:00+00:00,0.0699,0.07002,0.06989,0.06999,24423.0
2025-05-22 02:40:00+00:00,0.06999,0.07044,0.06999,0.07009,158465.0
2025-05-22 02:41:00+00:00,0.07004,0.07004,0.06992,0.07003,6293.0
2025-05-22 02:42:00+00:00,0.06992,0.07007,0.06976,0.06976,54145.0
2025-05-22 02:43:00+00:00,0.06979,0.06984,0.06966,0.06984,31583.0
2025-05-22 02:44:00+00:00,0.06983,0.07008,0.06979,0.07008,25189.0
2025-05-22 02:45:00+00:00,0.06998,0.07014,0.06987,0.06991,63352.0
2025-05-22 02:46:00+00:00,0.0699,0.07003,0.06989,0.07003,21381.0
2025-05-22 02:47:00+00:00,0.06999,0.07004,0.06995,0.06996,17262.0
2025-05-22 02:48:00+00:00,0.06996,0.07,0.06983,0.06996,28568.0
2025-05-22 02:49:00+00:00,0.06996,0.0701,0.06996,0.07005,15081.0
2025-05-22 02:50:00+00:00,0.07005,0.07005,0.06991,0.06999,20014.0
2025-05-22 02:51:00+00:00,0.06995,0.07027,0.06989,0.07011,23020.0
2025-05-22 02:52:00+00:00,0.07022,0.07022,0.06963,0.06991,73872.0
2025-05-22 02:53:00+00:00,0.06989,0.06995,0.06968,0.06988,58674.0
2025-05-22 02:54:00+00:00,0.0699,0.07003,0.0698,0.06991,29522.0
2025-05-22 02:55:00+00:00,0.06989,0.07,0.06984,0.07,26112.0
2025-05-22 02:56:00+00:00,0.06997,0.07001,0.06985,0.06991,45821.0
2025-05-22 02:57:00+00:00,0.06991,0.07012,0.06983,0.07006,21868.0
2025-05-22 02:58:00+00:00,0.07007,0.07018,0.07001,0.07018,69709.0
2025-05-22 02:59:00+00:00,0.0702,0.07026,0.07019,0.0702,71083.0
2025-05-22 03:00:00+00:00,0.07023,0.07048,0.07023,0.0704,10082.0
2025-05-22 03:01:00+00:00,0.07049,0.07067,0.07035,0.07045,43690.0
2025-05-22 03:02:00+00:00,0.0704,0.07067,0.07034,0.07067,15603.0
2025-05-22 03:03:00+00:00,0.07071,0.07074,0.07062,0.07063,32794.0
2025-05-22 03:04:00+00:00,0.07063,0.07067,0.07049,0.07064,23057.0
2025-05-22 03:05:00+00:00,0.07066,0.07099,0.07066,0.07069,182223.0
2025-05-22 03:06:00+00:00,0.0707,0.0707,0.07041,0.0705,4958.0
2025-05-22 03:07:00+00:00,0.07044,0.07046,0.07032,0.07034,23817.0
2025-05-22 03:08:00+00:00,0.07031,0.07058,0.07029,0.07058,22970.0
2025-05-22 03:09:00+00:00,0.07053,0.07062,0.0705,0.07052,22771.0
2025-05-22 03:10:00+00:00,0.07052,0.07052,0.0702,0.0702,1108.0
2025-05-22 03:11:00+00:00,0.07021,0.07021,0.0698,0.07004,70781.0
2025-05-22 03:12:00+00:00,0.07007,0.07033,0.07007,0.07024,43117.0
2025-05-22 03:13:00+00:00,0.07025,0.07025,0.07022,0.07022,215.0
2025-05-22 03:14:00+00:00,0.07021,0.07029,0.07011,0.07026,8615.0
2025-05-22 03:15:00+00:00,0.07027,0.0703,0.0701,0.07023,61563.0
2025-05-22 03:16:00+00:00,0.07029,0.07069,0.07029,0.07056,62901.0
2025-05-22 03:17:00+00:00,0.0706,0.07068,0.0706,0.07064,10365.0
2025-05-22 03:18:00+00:00,0.07052,0.07052,0.07034,0.07034,1408.0
2025-05-22 03:19:00+00:00,0.07044,0.07044,0.07044,0.07044,843.0
2025-05-22 03:20:00+00:00,0.07041,0.07042,0.07037,0.07042,1251.0
2025-05-22 03:21:00+00:00,0.07042,0.07047,0.07032,0.07032,44441.0
2025-05-22 03:22:00+00:00,0.0703,0.0703,0.07015,0.07016,6187.0
2025-05-22 03:23:00+00:00,0.07015,0.07015,0.06932,0.0698,504572.0
2025-05-22 03:24:00+00:00,0.06974,0.0698,0.06951,0.0698,42709.0
2025-05-22 03:25:00+00:00,0.06973,0.06975,0.06962,0.06962,24344.0
2025-05-22 03:26:00+00:00,0.06967,0.06969,0.06924,0.06947,49851.0
2025-05-22 03:27:00+00:00,0.06947,0.06963,0.06947,0.06953,34637.0
2025-05-22 03:28:00+00:00,0.06956,0.06959,0.06926,0.06952,57025.0
2025-05-22 03:29:00+00:00,0.06946,0.06956,0.06945,0.06952,39506.0
2025-05-22 03:30:00+00:00,0.0695,0.06954,0.06938,0.06942,31353.0
2025-05-22 03:31:00+00:00,0.06942,0.06947,0.0693,0.06944,32221.0
2025-05-22 03:32:00+00:00,0.06938,0.0694,0.06932,0.06938,28164.0
2025-05-22 03:33:00+00:00,0.06939,0.06956,0.06939,0.06951,42596.0
2025-05-22 03:34:00+00:00,0.0695,0.06956,0.06949,0.06949,24811.0
2025-05-22 03:35:00+00:00,0.06949,0.06949,0.0694,0.06948,41040.0
2025-05-22 03:36:00+00:00,0.06948,0.06962,0.0694,0.06941,66860.0
2025-05-22 03:37:00+00:00,0.06941,0.06944,0.06914,0.06916,62956.0
2025-05-22 03:38:00+00:00,0.06918,0.06925,0.06876,0.06883,59506.0
2025-05-22 03:39:00+00:00,0.06883,0.06893,0.06883,0.06893,32045.0
2025-05-22 03:40:00+00:00,0.06893,0.0691,0.06886,0.0691,140708.0
2025-05-22 03:41:00+00:00,0.0691,0.0691,0.06892,0.0691,53015.0
2025-05-22 03:42:00+00:00,0.06909,0.0693,0.06894,0.06903,33405.0
2025-05-22 03:43:00+00:00,0.06898,0.06919,0.06898,0.06919,26111.0
2025-05-22 03:44:00+00:00,0.06916,0.06929,0.06911,0.06926,63127.0
2025-05-22 03:45:00+00:00,0.06925,0.0693,0.06924,0.0693,26084.0
2025-05-22 03:46:00+00:00,0.0693,0.0693,0.06929,0.0693,27541.0
2025-05-22 03:47:00+00:00,0.0693,0.0693,0.06914,0.06928,69727.0
2025-05-22 03:48:00+00:00,0.0693,0.0693,0.06921,0.0693,56709.0
2025-05-22 03:49:00+00:00,0.06929,0.0693,0.0692,0.06929,29426.0
2025-05-22 03:50:00+00:00,0.06928,0.06929,0.06904,0.06924,78575.0
2025-05-22 03:51:00+00:00,0.06925,0.06926,0.0692,0.06922,28504.0
2025-05-22 03:52:00+00:00,0.0692,0.06924,0.06904,0.06913,60855.0
2025-05-22 03:53:00+00:00,0.06915,0.06929,0.06913,0.06929,56271.0
2025-05-22 03:54:00+00:00,0.06929,0.06929,0.0692,0.06928,29345.0
2025-05-22 03:55:00+00:00,0.0693,0.0693,0.0691,0.06927,76318.0
2025-05-22 03:56:00+00:00,0.06919,0.06927,0.06916,0.06924,31927.0
2025-05-22 03:57:00+00:00,0.06923,0.06927,0.06923,0.06927,39454.0
2025-05-22 03:58:00+00:00,0.06926,0.06927,0.06919,0.06927,31394.0
2025-05-22 03:59:00+00:00,0.06927,0.06927,0.06919,0.06927,45332.0
2025-05-22 04:00:00+00:00,0.06927,0.0693,0.06921,0.0693,227140.0
2025-05-22 04:01:00+00:00,0.0693,0.0693,0.06927,0.0693,134606.0
2025-05-22 04:02:00+00:00,0.0693,0.0693,0.06929,0.0693,64757.0
2025-05-22 04:03:00+00:00,0.0693,0.0693,0.06929,0.0693,169113.0
2025-05-22 04:04:00+00:00,0.0693,0.0693,0.06929,0.0693,58566.0
2025-05-22 04:05:00+00:00,0.0693,0.0693,0.06928,0.0693,143996.0
2025-05-22 04:06:00+00:00,0.0693,0.0693,0.06929,0.0693,39120.0
2025-05-22 04:07:00+00:00,0.0693,0.0693,0.06929,0.0693,174527.0
2025-05-22 04:08:00+00:00,0.0693,0.0693,0.06926,0.06928,154135.0
2025-05-22 04:09:00+00:00,0.0693,0.0693,0.06928,0.0693,26281.0
2025-05-22 04:10:00+00:00,0.06929,0.0693,0.06918,0.0693,90554.0
2025-05-22 04:11:00+00:00,0.0693,0.0693,0.06929,0.0693,92048.0
2025-05-22 04:12:00+00:00,0.0693,0.0693,0.06929,0.0693,28987.0
2025-05-22 04:13:00+00:00,0.0693,0.06961,0.06929,0.06955,143055.0
2025-05-22 04:14:00+00:00,0.06955,0.0697,0.06953,0.06968,28545.0
2025-05-22 04:15:00+00:00,0.06968,0.06984,0.06968,0.06981,26744.0
2025-05-22 04:16:00+00:00,0.06983,0.06997,0.06982,0.06997,30339.0
2025-05-22 04:17:00+00:00,0.06998,0.07006,0.06997,0.07006,7286.0
2025-05-22 04:18:00+00:00,0.07007,0.0701,0.07002,0.0701,4967.0
2025-05-22 04:19:00+00:00,0.07007,0.07011,0.06987,0.07008,123326.0
2025-05-22 04:20:00+00:00,0.07009,0.0701,0.07003,0.0701,11938.0
2025-05-22 04:21:00+00:00,0.07006,0.07021,0.06993,0.06993,42347.0
2025-05-22 04:22:00+00:00,0.07002,0.07002,0.06996,0.06996,9927.0
2025-05-22 04:23:00+00:00,0.06996,0.06996,0.0699,0.06995,28883.0
2025-05-22 04:24:00+00:00,0.06994,0.07001,0.06975,0.07001,36484.0
2025-05-22 04:25:00+00:00,0.07002,0.07008,0.06995,0.06996,17959.0
2025-05-22 04:26:00+00:00,0.06999,0.07006,0.06996,0.06996,1580.0
2025-05-22 04:27:00+00:00,0.06996,0.07006,0.06991,0.07006,25511.0
2025-05-22 04:28:00+00:00,0.07002,0.07013,0.07002,0.07013,15693.0
2025-05-22 04:29:00+00:00,0.07012,0.07014,0.07008,0.07014,1531.0
2025-05-22 04:30:00+00:00,0.07015,0.07019,0.07009,0.07012,14984.0
2025-05-22 04:31:00+00:00,0.0701,0.0701,0.07001,0.07003,5466.0
2025-05-22 04:32:00+00:00,0.07001,0.07001,0.06994,0.07,21146.0
2025-05-22 04:33:00+00:00,0.07,0.07006,0.0699,0.07003,68971.0
2025-05-22 04:34:00+00:00,0.06999,0.07012,0.06995,0.07003,32454.0
2025-05-22 04:35:00+00:00,0.07004,0.07005,0.06991,0.07002,39023.0
2025-05-22 04:36:00+00:00,0.06996,0.07003,0.06996,0.06999,15458.0
2025-05-22 04:37:00+00:00,0.06999,0.07002,0.06993,0.06997,14764.0
2025-05-22 04:38:00+00:00,0.06997,0.07,0.06984,0.06994,60921.0
2025-05-22 04:39:00+00:00,0.06991,0.06997,0.06982,0.06997,26456.0
2025-05-22 04:40:00+00:00,0.06998,0.07009,0.06997,0.07004,23596.0
2025-05-22 04:41:00+00:00,0.07005,0.07008,0.07004,0.07005,22589.0
2025-05-22 04:42:00+00:00,0.07001,0.07003,0.06992,0.07003,31521.0
2025-05-22 04:43:00+00:00,0.06995,0.07003,0.06995,0.07003,15261.0
2025-05-22 04:44:00+00:00,0.07,0.07009,0.07,0.07005,7149.0
2025-05-22 04:45:00+00:00,0.07003,0.07008,0.07,0.07008,7257.0
2025-05-22 04:46:00+00:00,0.07006,0.07006,0.07,0.07,2659.0
2025-05-22 04:47:00+00:00,0.07,0.07,0.07,0.07,56236.0
2025-05-22 04:48:00+00:00,0.07003,0.07006,0.06993,0.06993,11846.0
2025-05-22 04:49:00+00:00,0.06995,0.07004,0.06995,0.07003,13886.0
2025-05-22 04:50:00+00:00,0.06997,0.07008,0.06997,0.07008,17613.0
2025-05-22 04:51:00+00:00,0.07009,0.07009,0.06998,0.07004,26396.0
2025-05-22 04:52:00+00:00,0.07003,0.07006,0.06993,0.06998,8057.0
2025-05-22 04:53:00+00:00,0.07002,0.07002,0.06984,0.06984,53606.0
2025-05-22 04:54:00+00:00,0.0699,0.06995,0.06983,0.06994,35361.0
2025-05-22 04:55:00+00:00,0.06993,0.07003,0.06993,0.06997,24294.0
2025-05-22 04:56:00+00:00,0.07003,0.07003,0.06991,0.07001,29408.0
2025-05-22 04:57:00+00:00,0.06999,0.07007,0.06999,0.07004,24030.0
2025-05-22 04:58:00+00:00,0.07006,0.07006,0.06995,0.07004,16376.0
2025-05-22 04:59:00+00:00,0.06999,0.07003,0.06984,0.0699,34220.0
2025-05-22 05:00:00+00:00,0.06989,0.06994,0.06969,0.06972,73407.0
2025-05-22 05:01:00+00:00,0.06975,0.06978,0.06957,0.06961,87314.0
2025-05-22 05:02:00+00:00,0.06961,0.06962,0.06943,0.0696,35681.0
2025-05-22 05:03:00+00:00,0.06962,0.0699,0.06962,0.06985,178404.0
2025-05-22 05:04:00+00:00,0.06987,0.06994,0.06985,0.06992,34949.0
2025-05-22 05:05:00+00:00,0.06992,0.06996,0.0698,0.06983,65735.0
2025-05-22 05:06:00+00:00,0.06983,0.06992,0.06979,0.06987,29106.0
2025-05-22 05:07:00+00:00,0.06987,0.06998,0.06985,0.06993,51637.0
2025-05-22 05:08:00+00:00,0.06993,0.06997,0.06976,0.06983,48833.0
2025-05-22 05:09:00+00:00,0.06983,0.0699,0.06974,0.06988,30300.0
2025-05-22 05:10:00+00:00,0.06987,0.06991,0.06937,0.06964,90678.0
2025-05-22 05:11:00+00:00,0.06957,0.06965,0.06943,0.06961,116231.0
2025-05-22 05:12:00+00:00,0.06961,0.06975,0.06948,0.06975,143491.0
2025-05-22 05:13:00+00:00,0.06975,0.06989,0.06967,0.06989,88608.0
2025-05-22 05:14:00+00:00,0.0699,0.07002,0.06989,0.07002,42721.0
2025-05-22 05:15:00+00:00,0.06996,0.07002,0.06984,0.06997,54988.0
2025-05-22 05:16:00+00:00,0.06999,0.07002,0.06984,0.06998,99284.0
2025-05-22 05:17:00+00:00,0.06999,0.07002,0.0699,0.07002,24425.0
2025-05-22 05:18:00+00:00,0.07002,0.07002,0.06991,0.07,21875.0
2025-05-22 05:19:00+00:00,0.06994,0.07001,0.06986,0.06986,114603.0
2025-05-22 05:20:00+00:00,0.06993,0.07,0.06975,0.06991,179637.0
2025-05-22 05:21:00+00:00,0.06991,0.06996,0.06966,0.06981,60130.0
2025-05-22 05:22:00+00:00,0.06981,0.06984,0.06967,0.06976,30219.0
2025-05-22 05:23:00+00:00,0.06976,0.06991,0.06975,0.06986,29281.0
2025-05-22 05:24:00+00:00,0.06987,0.06994,0.06983,0.06991,24197.0
2025-05-22 05:25:00+00:00,0.06995,0.06997,0.06981,0.0699,29847.0
2025-05-22 05:26:00+00:00,0.06989,0.07,0.06984,0.06998,36902.0
2025-05-22 05:27:00+00:00,0.07001,0.07002,0.07001,0.07002,1283.0
2025-05-22 05:28:00+00:00,0.06999,0.06999,0.0699,0.0699,4601.0
2025-05-22 05:29:00+00:00,0.07001,0.07002,0.06991,0.06991,7148.0
2025-05-22 05:30:00+00:00,0.06995,0.07002,0.0699,0.06995,13137.0
2025-05-22 05:31:00+00:00,0.06998,0.07006,0.06993,0.06993,40174.0
2025-05-22 05:32:00+00:00,0.06998,0.07002,0.06984,0.06984,20529.0
2025-05-22 05:33:00+00:00,0.06994,0.07001,0.0698,0.0699,13531.0
2025-05-22 05:34:00+00:00,0.07,0.07001,0.0699,0.06995,37368.0
2025-05-22 05:35:00+00:00,0.06996,0.07001,0.06991,0.07,16136.0
2025-05-22 05:36:00+00:00,0.07,0.07,0.06992,0.06993,35249.0
2025-05-22 05:37:00+00:00,0.06992,0.07,0.0699,0.07,25195.0
2025-05-22 05:38:00+00:00,0.07,0.07,0.06995,0.07,24504.0
2025-05-22 05:39:00+00:00,0.07,0.07002,0.07,0.07002,7519.0
2025-05-22 05:40:00+00:00,0.06998,0.07002,0.06989,0.07001,55209.0
2025-05-22 05:41:00+00:00,0.07,0.07002,0.06989,0.06996,32943.0
2025-05-22 05:42:00+00:00,0.06996,0.07002,0.06991,0.07,35168.0
2025-05-22 05:43:00+00:00,0.07002,0.07002,0.06993,0.07,25713.0
2025-05-22 05:44:00+00:00,0.07,0.07001,0.06991,0.07001,19307.0
2025-05-22 05:45:00+00:00,0.06994,0.07001,0.06992,0.06992,12424.0
2025-05-22 05:46:00+00:00,0.07,0.07002,0.06984,0.06984,26273.0
2025-05-22 05:47:00+00:00,0.06993,0.07,0.06978,0.07,50892.0
2025-05-22 05:48:00+00:00,0.07,0.07,0.06984,0.06992,35447.0
2025-05-22 05:49:00+00:00,0.06992,0.06992,0.06981,0.06992,32637.0
2025-05-22 05:50:00+00:00,0.06992,0.07001,0.06992,0.07001,14953.0
2025-05-22 05:51:00+00:00,0.06996,0.07002,0.06989,0.06989,24013.0
2025-05-22 05:52:00+00:00,0.06999,0.07002,0.06991,0.07002,9706.0
2025-05-22 05:53:00+00:00,0.07002,0.07002,0.06999,0.07001,35406.0
2025-05-22 05:54:00+00:00,0.07001,0.07019,0.07001,0.07003,84322.0
2025-05-22 05:55:00+00:00,0.07003,0.07019,0.06996,0.06996,28260.0
2025-05-22 05:56:00+00:00,0.07004,0.07005,0.06991,0.06991,51972.0
2025-05-22 05:57:00+00:00,0.07002,0.07006,0.06992,0.07005,32419.0
2025-05-22 05:58:00+00:00,0.06998,0.07005,0.06982,0.06991,54671.0
2025-05-22 05:59:00+00:00,0.0699,0.07001,0.06988,0.06989,31381.0
2025-05-22 06:00:00+00:00,0.0699,0.07054,0.0699,0.06996,500513.0
2025-05-22 06:01:00+00:00,0.06997,0.07002,0.06967,0.06981,289385.0
2025-05-22 06:02:00+00:00,0.06979,0.06983,0.06959,0.06977,97388.0
2025-05-22 06:03:00+00:00,0.06965,0.06977,0.06959,0.06972,65815.0
2025-05-22 06:04:00+00:00,0.06964,0.06984,0.06959,0.06972,83850.0
2025-05-22 06:05:00+00:00,0.06984,0.0699,0.06968,0.06989,92034.0
2025-05-22 06:06:00+00:00,0.06977,0.06985,0.06958,0.06973,45928.0
2025-05-22 06:07:00+00:00,0.06972,0.06974,0.06957,0.06971,52571.0
2025-05-22 06:08:00+00:00,0.0696,0.06972,0.06942,0.06943,58167.0
2025-05-22 06:09:00+00:00,0.06944,0.0695,0.0692,0.06932,42447.0
2025-05-22 06:10:00+00:00,0.06921,0.06932,0.06896,0.06911,67083.0
2025-05-22 06:11:00+00:00,0.06919,0.0692,0.06911,0.0692,38974.0
2025-05-22 06:12:00+00:00,0.0692,0.0692,0.06911,0.0692,54783.0
2025-05-22 06:13:00+00:00,0.0692,0.06931,0.06915,0.0693,48242.0
2025-05-22 06:14:00+00:00,0.06929,0.06946,0.06904,0.06931,120214.0
2025-05-22 06:15:00+00:00,0.06931,0.06943,0.0693,0.0694,38716.0
2025-05-22 06:16:00+00:00,0.06933,0.06952,0.06922,0.06952,53911.0
2025-05-22 06:17:00+00:00,0.06945,0.06955,0.06935,0.06946,37263.0
2025-05-22 06:18:00+00:00,0.06946,0.06958,0.06931,0.06949,40830.0
2025-05-22 06:19:00+00:00,0.06948,0.06966,0.06943,0.06966,37118.0
2025-05-22 06:20:00+00:00,0.06966,0.0697,0.06949,0.06967,31024.0
2025-05-22 06:21:00+00:00,0.06967,0.0697,0.06955,0.06964,25021.0
2025-05-22 06:22:00+00:00,0.06964,0.06973,0.0696,0.06968,32852.0
2025-05-22 06:23:00+00:00,0.06968,0.07018,0.06968,0.06999,84999.0
2025-05-22 06:24:00+00:00,0.07,0.0701,0.06999,0.07005,34675.0
2025-05-22 06:25:00+00:00,0.07003,0.07006,0.07001,0.07001,53968.0
2025-05-22 06:26:00+00:00,0.07,0.07005,0.06993,0.06998,104931.0
2025-05-22 06:27:00+00:00,0.06998,0.07005,0.06995,0.07005,6583.0
2025-05-22 06:28:00+00:00,0.06994,0.07,0.06987,0.07,24859.0
2025-05-22 06:29:00+00:00,0.06999,0.07003,0.06996,0.07,31460.0
2025-05-22 06:30:00+00:00,0.07,0.07009,0.06986,0.07008,20917.0
2025-05-22 06:31:00+00:00,0.07009,0.07011,0.07009,0.07011,7781.0
2025-05-22 06:32:00+00:00,0.07012,0.07054,0.07012,0.07053,110565.0
2025-05-22 06:33:00+00:00,0.07044,0.07053,0.07034,0.07052,41520.0
2025-05-22 06:34:00+00:00,0.07049,0.07055,0.07033,0.07045,138388.0
2025-05-22 06:35:00+00:00,0.0704,0.0704,0.07035,0.07035,655.0
2025-05-22 06:36:00+00:00,0.0704,0.07045,0.07034,0.07038,16279.0
2025-05-22 06:37:00+00:00,0.07045,0.07054,0.07043,0.07054,41257.0
2025-05-22 06:38:00+00:00,0.07054,0.07054,0.07052,0.07052,15458.0
2025-05-22 06:39:00+00:00,0.07053,0.0706,0.07052,0.07055,71354.0
2025-05-22 06:40:00+00:00,0.07054,0.07059,0.07054,0.07059,3033.0
2025-05-22 06:41:00+00:00,0.07062,0.0707,0.07058,0.0707,16187.0
2025-05-22 06:42:00+00:00,0.07067,0.07079,0.07058,0.07067,44967.0
2025-05-22 06:43:00+00:00,0.07072,0.07087,0.07067,0.07081,21378.0
2025-05-22 06:44:00+00:00,0.07083,0.07092,0.07081,0.07083,21832.0
2025-05-22 06:45:00+00:00,0.07079,0.07079,0.07075,0.07078,2474.0
2025-05-22 06:46:00+00:00,0.07077,0.07079,0.07072,0.07078,15536.0
2025-05-22 06:47:00+00:00,0.07079,0.0709,0.07078,0.07078,49630.0
2025-05-22 06:48:00+00:00,0.07078,0.07085,0.07078,0.07084,6043.0
2025-05-22 06:49:00+00:00,0.07078,0.07078,0.0705,0.0705,38321.0
2025-05-22 06:50:00+00:00,0.07049,0.07064,0.07047,0.07062,32901.0
2025-05-22 06:51:00+00:00,0.07055,0.07055,0.0703,0.07036,68593.0
2025-05-22 06:52:00+00:00,0.07039,0.07042,0.07033,0.07038,3839.0
2025-05-22 06:53:00+00:00,0.07034,0.07045,0.07019,0.07034,44063.0
2025-05-22 06:54:00+00:00,0.07025,0.07033,0.07025,0.07033,1962.0
2025-05-22 06:55:00+00:00,0.07033,0.07038,0.07033,0.07034,7148.0
2025-05-22 06:56:00+00:00,0.07033,0.0705,0.07031,0.07048,2237.0
2025-05-22 06:57:00+00:00,0.07045,0.07046,0.0703,0.07034,5554.0
2025-05-22 06:58:00+00:00,0.0703,0.07037,0.07007,0.07037,26712.0
2025-05-22 06:59:00+00:00,0.07034,0.07046,0.07034,0.07035,51724.0
2025-05-22 07:00:00+00:00,0.07031,0.07031,0.07022,0.07024,10579.0
2025-05-22 07:01:00+00:00,0.07029,0.07029,0.07018,0.07018,1220.0
2025-05-22 07:02:00+00:00,0.07019,0.07019,0.06999,0.06999,14720.0
2025-05-22 07:03:00+00:00,0.06999,0.06999,0.06992,0.06997,26598.0
2025-05-22 07:04:00+00:00,0.06996,0.06997,0.06974,0.06995,257207.0
2025-05-22 07:05:00+00:00,0.06988,0.06995,0.06974,0.06987,48335.0
2025-05-22 07:06:00+00:00,0.06987,0.06995,0.06974,0.06994,33001.0
2025-05-22 07:07:00+00:00,0.06993,0.06998,0.06981,0.06982,68504.0
2025-05-22 07:08:00+00:00,0.06981,0.06982,0.06959,0.06973,90025.0
2025-05-22 07:09:00+00:00,0.06974,0.06987,0.06973,0.06987,29855.0
2025-05-22 07:10:00+00:00,0.06985,0.0699,0.0698,0.0699,31028.0
2025-05-22 07:11:00+00:00,0.0699,0.06993,0.06982,0.06993,27004.0
2025-05-22 07:12:00+00:00,0.0699,0.07,0.06983,0.07,44604.0
2025-05-22 07:13:00+00:00,0.07,0.07002,0.0698,0.06998,96010.0
2025-05-22 07:14:00+00:00,0.06997,0.07002,0.06981,0.06999,33854.0
2025-05-22 07:15:00+00:00,0.06999,0.07002,0.06987,0.07,31352.0
2025-05-22 07:16:00+00:00,0.07,0.07002,0.06986,0.07002,36075.0
2025-05-22 07:17:00+00:00,0.07003,0.0701,0.06982,0.06989,45825.0
2025-05-22 07:18:00+00:00,0.06983,0.06996,0.06869,0.06934,698919.0
2025-05-22 07:19:00+00:00,0.06934,0.06946,0.06922,0.06937,30400.0
2025-05-22 07:20:00+00:00,0.06937,0.06946,0.06928,0.06946,81190.0
2025-05-22 07:21:00+00:00,0.06946,0.06965,0.06936,0.06938,251274.0
2025-05-22 07:22:00+00:00,0.06938,0.06942,0.0692,0.06922,99385.0
2025-05-22 07:23:00+00:00,0.06935,0.06939,0.0692,0.06936,66908.0
2025-05-22 07:24:00+00:00,0.06936,0.06939,0.0692,0.06933,66063.0
2025-05-22 07:25:00+00:00,0.06933,0.06939,0.0692,0.06936,50178.0
2025-05-22 07:26:00+00:00,0.06931,0.06931,0.06924,0.06926,27352.0
2025-05-22 07:27:00+00:00,0.06925,0.06931,0.06919,0.0693,31564.0
2025-05-22 07:28:00+00:00,0.0693,0.0693,0.06908,0.06925,50976.0
2025-05-22 07:29:00+00:00,0.06924,0.06928,0.06908,0.06917,37952.0
2025-05-22 07:30:00+00:00,0.06929,0.06946,0.06912,0.06934,149439.0
2025-05-22 07:31:00+00:00,0.06942,0.06956,0.06938,0.06953,36512.0
2025-05-22 07:32:00+00:00,0.06948,0.06959,0.06937,0.06953,35484.0
2025-05-22 07:33:00+00:00,0.06956,0.06958,0.06937,0.06957,63790.0
2025-05-22 07:34:00+00:00,0.06956,0.06969,0.06946,0.06958,84748.0
2025-05-22 07:35:00+00:00,0.06947,0.06959,0.06941,0.06959,55160.0
2025-05-22 07:36:00+00:00,0.06959,0.06959,0.06959,0.06959,26694.0
2025-05-22 07:37:00+00:00,0.06959,0.06986,0.06952,0.06986,78775.0
2025-05-22 07:38:00+00:00,0.06981,0.06989,0.06981,0.06986,27955.0
2025-05-22 07:39:00+00:00,0.06986,0.06987,0.06966,0.0698,46244.0
2025-05-22 07:40:00+00:00,0.0698,0.06987,0.06946,0.06951,250672.0
2025-05-22 07:41:00+00:00,0.06961,0.06963,0.0694,0.06959,59627.0
2025-05-22 07:42:00+00:00,0.06958,0.06961,0.06933,0.06948,62091.0
2025-05-22 07:43:00+00:00,0.06947,0.06948,0.06919,0.06919,116722.0
2025-05-22 07:44:00+00:00,0.06931,0.06932,0.06914,0.06927,111931.0
2025-05-22 07:45:00+00:00,0.06928,0.06941,0.0692,0.06941,63193.0
2025-05-22 07:46:00+00:00,0.06941,0.06959,0.06928,0.0695,83346.0
2025-05-22 07:47:00+00:00,0.0694,0.06959,0.0693,0.06947,107272.0
2025-05-22 07:48:00+00:00,0.06947,0.06952,0.06934,0.0694,44312.0
2025-05-22 07:49:00+00:00,0.06939,0.0694,0.06925,0.0694,36101.0
2025-05-22 07:50:00+00:00,0.0694,0.0694,0.06919,0.06939,175666.0
2025-05-22 07:51:00+00:00,0.0694,0.0694,0.06928,0.0694,69725.0
2025-05-22 07:52:00+00:00,0.0694,0.0694,0.06922,0.0694,76713.0
2025-05-22 07:53:00+00:00,0.0694,0.0694,0.06924,0.06924,142863.0
2025-05-22 07:54:00+00:00,0.06928,0.0694,0.06924,0.0694,61386.0
2025-05-22 07:55:00+00:00,0.0694,0.0694,0.06939,0.0694,81629.0
2025-05-22 07:56:00+00:00,0.0694,0.06953,0.06928,0.0694,77496.0
2025-05-22 07:57:00+00:00,0.06953,0.06957,0.06929,0.06955,100014.0
2025-05-22 07:58:00+00:00,0.06952,0.06958,0.06935,0.06944,50845.0
2025-05-22 07:59:00+00:00,0.06944,0.06971,0.06943,0.0697,64983.0
2025-05-22 08:00:00+00:00,0.06969,0.0697,0.06922,0.06945,79488.0
2025-05-22 08:01:00+00:00,0.06944,0.06947,0.06911,0.06919,82367.0
2025-05-22 08:02:00+00:00,0.0693,0.0694,0.06906,0.06936,86049.0
2025-05-22 08:03:00+00:00,0.06935,0.06952,0.06916,0.0695,222053.0
2025-05-22 08:04:00+00:00,0.06951,0.06951,0.06918,0.06943,35019.0
2025-05-22 08:05:00+00:00,0.06943,0.06952,0.0693,0.06952,31781.0
2025-05-22 08:06:00+00:00,0.06935,0.06961,0.06932,0.06961,50627.0
2025-05-22 08:07:00+00:00,0.06961,0.06967,0.06943,0.0695,46337.0
2025-05-22 08:08:00+00:00,0.06963,0.06986,0.06949,0.06986,46760.0
2025-05-22 08:09:00+00:00,0.06986,0.06992,0.06968,0.0698,110529.0
2025-05-22 08:10:00+00:00,0.0698,0.06987,0.06966,0.06973,52062.0
2025-05-22 08:11:00+00:00,0.06974,0.06993,0.06965,0.06974,75478.0
2025-05-22 08:12:00+00:00,0.06977,0.07,0.06965,0.07,275206.0
2025-05-22 08:13:00+00:00,0.07,0.07001,0.06988,0.0699,74482.0
2025-05-22 08:14:00+00:00,0.07001,0.07001,0.06986,0.07001,20168.0
2025-05-22 08:15:00+00:00,0.07,0.07001,0.06978,0.07001,42106.0
2025-05-22 08:16:00+00:00,0.07,0.07001,0.06994,0.07001,6140.0
2025-05-22 08:17:00+00:00,0.07,0.07001,0.06969,0.06971,113815.0
2025-05-22 08:18:00+00:00,0.06988,0.06988,0.06929,0.06965,157926.0
2025-05-22 08:19:00+00:00,0.06965,0.06988,0.06958,0.06969,35272.0
2025-05-22 08:20:00+00:00,0.06968,0.06974,0.06959,0.06969,48505.0
2025-05-22 08:21:00+00:00,0.06969,0.06984,0.06964,0.06979,29610.0
2025-05-22 08:22:00+00:00,0.06978,0.06987,0.06951,0.06959,64148.0
2025-05-22 08:23:00+00:00,0.06959,0.06977,0.06952,0.06977,47217.0
2025-05-22 08:24:00+00:00,0.06969,0.06975,0.06961,0.06962,103013.0
2025-05-22 08:25:00+00:00,0.06962,0.0698,0.06962,0.06967,94668.0
2025-05-22 08:26:00+00:00,0.06971,0.06985,0.06961,0.06975,67162.0
2025-05-22 08:27:00+00:00,0.06971,0.06971,0.06948,0.06955,57129.0
2025-05-22 08:28:00+00:00,0.06955,0.0696,0.06944,0.06948,36805.0
2025-05-22 08:29:00+00:00,0.06949,0.06957,0.0694,0.06957,32929.0
2025-05-22 08:30:00+00:00,0.06956,0.0696,0.0694,0.0696,45982.0
2025-05-22 08:31:00+00:00,0.06955,0.0696,0.06936,0.06953,362722.0
2025-05-22 08:32:00+00:00,0.06953,0.06979,0.06947,0.06975,412427.0
2025-05-22 08:33:00+00:00,0.06975,0.06992,0.06966,0.06984,98249.0
2025-05-22 08:34:00+00:00,0.06977,0.06995,0.06976,0.06982,54971.0
2025-05-22 08:35:00+00:00,0.06981,0.06989,0.06971,0.06971,104834.0
2025-05-22 08:36:00+00:00,0.06971,0.06996,0.06965,0.06992,78289.0
2025-05-22 08:37:00+00:00,0.06989,0.06997,0.06976,0.06987,54239.0
2025-05-22 08:38:00+00:00,0.06992,0.06995,0.0698,0.06989,33568.0
2025-05-22 08:39:00+00:00,0.06992,0.06998,0.0698,0.06998,42451.0
2025-05-22 08:40:00+00:00,0.06993,0.06996,0.06974,0.06996,44210.0
2025-05-22 08:41:00+00:00,0.06996,0.06997,0.06968,0.06992,144771.0
2025-05-22 08:42:00+00:00,0.06991,0.07006,0.06963,0.07003,137823.0
2025-05-22 08:43:00+00:00,0.0699,0.07005,0.06989,0.06998,67235.0
2025-05-22 08:44:00+00:00,0.06997,0.07005,0.06997,0.07001,3200.0
2025-05-22 08:45:00+00:00,0.07004,0.07012,0.06985,0.06986,50540.0
2025-05-22 08:46:00+00:00,0.06986,0.07004,0.06986,0.06989,69949.0
2025-05-22 08:47:00+00:00,0.06999,0.07005,0.06988,0.06995,35783.0
2025-05-22 08:48:00+00:00,0.07,0.07005,0.06989,0.06991,19473.0
2025-05-22 08:49:00+00:00,0.06991,0.07005,0.06988,0.06991,30422.0
2025-05-22 08:50:00+00:00,0.06991,0.07004,0.06991,0.06991,18729.0
2025-05-22 08:51:00+00:00,0.07003,0.07005,0.06989,0.07,33699.0
2025-05-22 08:52:00+00:00,0.06988,0.07002,0.0698,0.06989,41225.0
2025-05-22 08:53:00+00:00,0.06989,0.07002,0.06987,0.06988,45179.0
2025-05-22 08:54:00+00:00,0.06992,0.06993,0.06982,0.06985,14825.0
2025-05-22 08:55:00+00:00,0.06984,0.06984,0.06964,0.0698,74235.0
2025-05-22 08:56:00+00:00,0.06977,0.06978,0.06974,0.06978,687.0
2025-05-22 08:57:00+00:00,0.06972,0.06978,0.06965,0.06976,16863.0
2025-05-22 08:58:00+00:00,0.06975,0.06982,0.06973,0.06973,23687.0
2025-05-22 08:59:00+00:00,0.06977,0.06977,0.06968,0.06969,11833.0
2025-05-22 09:00:00+00:00,0.06969,0.06976,0.06966,0.06966,10506.0
2025-05-22 09:01:00+00:00,0.0697,0.06971,0.06963,0.06963,5973.0
2025-05-22 09:02:00+00:00,0.06963,0.06974,0.06963,0.06967,19304.0
2025-05-22 09:03:00+00:00,0.06975,0.06981,0.06969,0.0698,10408.0
2025-05-22 09:04:00+00:00,0.06969,0.06987,0.06968,0.06971,37179.0
2025-05-22 09:05:00+00:00,0.06974,0.06984,0.06973,0.06979,18868.0
2025-05-22 09:06:00+00:00,0.06971,0.06989,0.0697,0.06976,6409.0
2025-05-22 09:07:00+00:00,0.06981,0.06992,0.06976,0.06987,36182.0
2025-05-22 09:08:00+00:00,0.0698,0.0699,0.0697,0.0697,23816.0
2025-05-22 09:09:00+00:00,0.06972,0.06983,0.06955,0.0697,109102.0
2025-05-22 09:10:00+00:00,0.06971,0.06976,0.06957,0.06966,15616.0
2025-05-22 09:11:00+00:00,0.06977,0.0698,0.06951,0.06964,66908.0
2025-05-22 09:12:00+00:00,0.06951,0.06965,0.06946,0.0696,35677.0
2025-05-22 09:13:00+00:00,0.06953,0.06964,0.06937,0.06948,65991.0
2025-05-22 09:14:00+00:00,0.06948,0.0695,0.06921,0.06934,138144.0
2025-05-22 09:15:00+00:00,0.06925,0.06934,0.06915,0.06918,27775.0
2025-05-22 09:16:00+00:00,0.06923,0.06924,0.06908,0.06917,41679.0
2025-05-22 09:17:00+00:00,0.06916,0.0695,0.06906,0.06948,55037.0
2025-05-22 09:18:00+00:00,0.06947,0.06963,0.06947,0.0696,26173.0
2025-05-22 09:19:00+00:00,0.0696,0.06971,0.06948,0.06968,89460.0
2025-05-22 09:20:00+00:00,0.06965,0.0697,0.06949,0.06958,41311.0
2025-05-22 09:21:00+00:00,0.06957,0.06963,0.06944,0.06963,62061.0
2025-05-22 09:22:00+00:00,0.06963,0.06978,0.06958,0.06962,57696.0
2025-05-22 09:23:00+00:00,0.06971,0.06975,0.06964,0.06974,30117.0
2025-05-22 09:24:00+00:00,0.06971,0.06974,0.06955,0.06955,34590.0
2025-05-22 09:25:00+00:00,0.06962,0.06969,0.06927,0.06936,176525.0
2025-05-22 09:26:00+00:00,0.06933,0.06957,0.06927,0.06957,78806.0
2025-05-22 09:27:00+00:00,0.06956,0.06961,0.06935,0.06945,72458.0
2025-05-22 09:28:00+00:00,0.06946,0.06962,0.06942,0.06956,60655.0
2025-05-22 09:29:00+00:00,0.06955,0.06957,0.06944,0.06955,38279.0
2025-05-22 09:30:00+00:00,0.06955,0.06962,0.06939,0.06948,39851.0
2025-05-22 09:31:00+00:00,0.06948,0.06959,0.06939,0.06946,39082.0
2025-05-22 09:32:00+00:00,0.06951,0.0697,0.06934,0.06956,209940.0
2025-05-22 09:33:00+00:00,0.06953,0.06963,0.06943,0.06963,142177.0
2025-05-22 09:34:00+00:00,0.06962,0.06968,0.06954,0.06963,67344.0
2025-05-22 09:35:00+00:00,0.06962,0.06965,0.06946,0.06956,42193.0
2025-05-22 09:36:00+00:00,0.06953,0.06958,0.06942,0.0695,62529.0
2025-05-22 09:37:00+00:00,0.06957,0.06958,0.06923,0.0693,157691.0
2025-05-22 09:38:00+00:00,0.06925,0.06942,0.06924,0.06942,38361.0
2025-05-22 09:39:00+00:00,0.06939,0.06953,0.06921,0.06935,92862.0
2025-05-22 09:40:00+00:00,0.06931,0.06943,0.06925,0.06936,73747.0
2025-05-22 09:41:00+00:00,0.06932,0.06943,0.0692,0.06933,65593.0
2025-05-22 09:42:00+00:00,0.0693,0.06945,0.06926,0.06945,54573.0
2025-05-22 09:43:00+00:00,0.06941,0.06947,0.0693,0.06942,73558.0
2025-05-22 09:44:00+00:00,0.06941,0.06965,0.0693,0.06938,205374.0
2025-05-22 09:45:00+00:00,0.06938,0.06944,0.06927,0.06938,79105.0
2025-05-22 09:46:00+00:00,0.06938,0.06964,0.06934,0.06963,324934.0
2025-05-22 09:47:00+00:00,0.06964,0.06968,0.06947,0.06959,53807.0
2025-05-22 09:48:00+00:00,0.06954,0.06977,0.06954,0.06973,75085.0
2025-05-22 09:49:00+00:00,0.06972,0.0698,0.06961,0.06978,112010.0
2025-05-22 09:50:00+00:00,0.06978,0.06981,0.06966,0.06968,69627.0
2025-05-22 09:51:00+00:00,0.06969,0.06981,0.06959,0.06976,57541.0
2025-05-22 09:52:00+00:00,0.06971,0.06986,0.06961,0.0698,121292.0
2025-05-22 09:53:00+00:00,0.06979,0.0699,0.06961,0.06987,182526.0
2025-05-22 09:54:00+00:00,0.06984,0.06997,0.06967,0.06992,130408.0
2025-05-22 09:55:00+00:00,0.06995,0.07,0.06979,0.06992,67495.0
2025-05-22 09:56:00+00:00,0.06993,0.07001,0.06982,0.07001,77325.0
2025-05-22 09:57:00+00:00,0.06999,0.07003,0.06982,0.06999,124017.0
2025-05-22 09:58:00+00:00,0.07,0.07001,0.06985,0.07001,52130.0
2025-05-22 09:59:00+00:00,0.07001,0.07002,0.06972,0.06983,153892.0
2025-05-22 10:00:00+00:00,0.06984,0.06998,0.06971,0.06987,116323.0
2025-05-22 10:01:00+00:00,0.06993,0.07013,0.06972,0.07007,270668.0
2025-05-22 10:02:00+00:00,0.07009,0.07065,0.07001,0.07055,435888.0
2025-05-22 10:03:00+00:00,0.07054,0.07086,0.07053,0.07062,782515.0
2025-05-22 10:04:00+00:00,0.07073,0.07093,0.07064,0.07088,511536.0
2025-05-22 10:05:00+00:00,0.07087,0.07094,0.0704,0.07067,356268.0
2025-05-22 10:06:00+00:00,0.07068,0.07078,0.07042,0.07044,240409.0
2025-05-22 10:07:00+00:00,0.07051,0.07106,0.07041,0.07103,592900.0
2025-05-22 10:08:00+00:00,0.07101,0.07188,0.07099,0.07158,588422.0
2025-05-22 10:09:00+00:00,0.07159,0.07186,0.07128,0.07155,1093174.0
2025-05-22 10:10:00+00:00,0.07146,0.07155,0.07113,0.0715,377876.0
2025-05-22 10:11:00+00:00,0.07143,0.07152,0.07126,0.07145,205577.0
2025-05-22 10:12:00+00:00,0.07145,0.07172,0.07132,0.07158,318090.0
2025-05-22 10:13:00+00:00,0.0717,0.07185,0.07127,0.07146,920304.0
2025-05-22 10:14:00+00:00,0.07145,0.07148,0.07094,0.07129,534748.0
2025-05-22 10:15:00+00:00,0.0713,0.07141,0.07088,0.07099,243821.0
2025-05-22 10:16:00+00:00,0.07092,0.071,0.07052,0.07063,243563.0
2025-05-22 10:17:00+00:00,0.07062,0.07062,0.06966,0.06993,1008641.0
2025-05-22 10:18:00+00:00,0.07,0.07037,0.06999,0.07036,158257.0
2025-05-22 10:19:00+00:00,0.07026,0.07039,0.07007,0.07023,117910.0
2025-05-22 10:20:00+00:00,0.07024,0.07062,0.07024,0.07025,58798.0
2025-05-22 10:21:00+00:00,0.07026,0.07054,0.07026,0.07054,32142.0
2025-05-22 10:22:00+00:00,0.07043,0.07051,0.07035,0.0705,7712.0
2025-05-22 10:23:00+00:00,0.07047,0.07067,0.07045,0.07066,114330.0
2025-05-22 10:24:00+00:00,0.07057,0.07073,0.07045,0.07053,25796.0
2025-05-22 10:25:00+00:00,0.07046,0.07046,0.07005,0.07028,157528.0
2025-05-22 10:26:00+00:00,0.0703,0.07065,0.07029,0.07065,55771.0
2025-05-22 10:27:00+00:00,0.07062,0.07064,0.07047,0.07061,42953.0
2025-05-22 10:28:00+00:00,0.07061,0.07063,0.07029,0.07038,93731.0
2025-05-22 10:29:00+00:00,0.07036,0.07051,0.07034,0.07047,19805.0
2025-05-22 10:30:00+00:00,0.07051,0.07072,0.0702,0.0702,267494.0
2025-05-22 10:31:00+00:00,0.07026,0.07037,0.07018,0.07025,50335.0
2025-05-22 10:32:00+00:00,0.07014,0.07024,0.07002,0.0701,64420.0
2025-05-22 10:33:00+00:00,0.07004,0.07027,0.07002,0.07024,49927.0
2025-05-22 10:34:00+00:00,0.07024,0.07028,0.07018,0.0702,7285.0
2025-05-22 10:35:00+00:00,0.07018,0.07018,0.07,0.07003,4772.0
2025-05-22 10:36:00+00:00,0.07004,0.07007,0.06998,0.07004,14870.0
2025-05-22 10:37:00+00:00,0.07004,0.07004,0.06996,0.06997,13335.0
2025-05-22 10:38:00+00:00,0.06997,0.07024,0.06996,0.0701,79815.0
2025-05-22 10:39:00+00:00,0.07012,0.0702,0.07011,0.07015,17936.0
2025-05-22 10:40:00+00:00,0.0701,0.07011,0.07001,0.07001,47701.0
2025-05-22 10:41:00+00:00,0.07007,0.07008,0.06991,0.07001,117069.0
2025-05-22 10:42:00+00:00,0.06999,0.0701,0.06994,0.07005,15798.0
2025-05-22 10:43:00+00:00,0.07009,0.07015,0.06998,0.07002,37646.0
2025-05-22 10:44:00+00:00,0.07,0.07002,0.06992,0.07002,31971.0
2025-05-22 10:45:00+00:00,0.07006,0.07015,0.07001,0.07001,15289.0
2025-05-22 10:46:00+00:00,0.06996,0.07002,0.06992,0.06992,19663.0
2025-05-22 10:47:00+00:00,0.06994,0.07001,0.06993,0.07001,28779.0
2025-05-22 10:48:00+00:00,0.06999,0.07002,0.06982,0.06986,43364.0
2025-05-22 10:49:00+00:00,0.0698,0.06981,0.06887,0.06934,407911.0
2025-05-22 10:50:00+00:00,0.06938,0.06967,0.06938,0.06959,67474.0
2025-05-22 10:51:00+00:00,0.06959,0.06975,0.0695,0.06975,33016.0
2025-05-22 10:52:00+00:00,0.06969,0.06996,0.0696,0.06996,71133.0
2025-05-22 10:53:00+00:00,0.06988,0.06997,0.06975,0.06997,44632.0
2025-05-22 10:54:00+00:00,0.0699,0.06996,0.06969,0.06996,138747.0
2025-05-22 10:55:00+00:00,0.06988,0.06988,0.06965,0.06978,55554.0
2025-05-22 10:56:00+00:00,0.06974,0.06988,0.0697,0.06976,49853.0
2025-05-22 10:57:00+00:00,0.06974,0.06979,0.06956,0.06973,70038.0
2025-05-22 10:58:00+00:00,0.06972,0.06978,0.06953,0.06958,48985.0
2025-05-22 10:59:00+00:00,0.06957,0.0697,0.06957,0.0697,30763.0
2025-05-22 11:00:00+00:00,0.06969,0.06986,0.06965,0.06969,71701.0
2025-05-22 11:01:00+00:00,0.06976,0.06976,0.06954,0.06963,50361.0
2025-05-22 11:02:00+00:00,0.06963,0.06969,0.0694,0.06947,49270.0
2025-05-22 11:03:00+00:00,0.06941,0.06946,0.06921,0.06944,97203.0
2025-05-22 11:04:00+00:00,0.06944,0.06948,0.06937,0.06946,27963.0
2025-05-22 11:05:00+00:00,0.06944,0.06947,0.06906,0.0693,28562.0
2025-05-22 11:06:00+00:00,0.06922,0.06937,0.06913,0.06935,55726.0
2025-05-22 11:07:00+00:00,0.06933,0.06941,0.06919,0.06921,88992.0
2025-05-22 11:08:00+00:00,0.06921,0.06921,0.06907,0.06913,30761.0
2025-05-22 11:09:00+00:00,0.06913,0.0692,0.06776,0.06814,697167.0
2025-05-22 11:10:00+00:00,0.06814,0.06882,0.06814,0.06882,153380.0
2025-05-22 11:11:00+00:00,0.06871,0.0688,0.06837,0.06869,97788.0
2025-05-22 11:12:00+00:00,0.0687,0.0688,0.0686,0.06876,84829.0
2025-05-22 11:13:00+00:00,0.06867,0.06877,0.0684,0.0684,77355.0
2025-05-22 11:14:00+00:00,0.06844,0.0687,0.06831,0.06865,84548.0
2025-05-22 11:15:00+00:00,0.06869,0.06898,0.06855,0.06894,178278.0
2025-05-22 11:16:00+00:00,0.06887,0.06898,0.06875,0.06893,32177.0
2025-05-22 11:17:00+00:00,0.06882,0.06892,0.0684,0.06859,121436.0
2025-05-22 11:18:00+00:00,0.06854,0.06877,0.06846,0.06859,62618.0
2025-05-22 11:19:00+00:00,0.06857,0.06873,0.0685,0.06855,68910.0
2025-05-22 11:20:00+00:00,0.06864,0.06876,0.06844,0.06862,187939.0
2025-05-22 11:21:00+00:00,0.06867,0.06876,0.0685,0.06871,52380.0
2025-05-22 11:22:00+00:00,0.06874,0.06912,0.0686,0.06897,130446.0
2025-05-22 11:23:00+00:00,0.06899,0.0694,0.06891,0.06935,210414.0
2025-05-22 11:24:00+00:00,0.0693,0.0694,0.06912,0.06926,144406.0
2025-05-22 11:25:00+00:00,0.06919,0.06921,0.06886,0.06895,128332.0
2025-05-22 11:26:00+00:00,0.06895,0.06914,0.06886,0.06914,90656.0
2025-05-22 11:27:00+00:00,0.06917,0.0694,0.06916,0.0694,31230.0
2025-05-22 11:28:00+00:00,0.06932,0.06935,0.06928,0.06934,43778.0
2025-05-22 11:29:00+00:00,0.06933,0.06949,0.06925,0.06949,37540.0
2025-05-22 11:30:00+00:00,0.06939,0.06939,0.06917,0.06929,33350.0
2025-05-22 11:31:00+00:00,0.06929,0.06942,0.06923,0.06934,54366.0
2025-05-22 11:32:00+00:00,0.06931,0.06949,0.06931,0.06949,63799.0
2025-05-22 11:33:00+00:00,0.06949,0.06949,0.06911,0.06946,114868.0
2025-05-22 11:34:00+00:00,0.06945,0.0695,0.06938,0.0695,53840.0
2025-05-22 11:35:00+00:00,0.0695,0.06958,0.06941,0.06952,43760.0
2025-05-22 11:36:00+00:00,0.06955,0.06961,0.06949,0.06955,66999.0
2025-05-22 11:37:00+00:00,0.06954,0.0696,0.0695,0.06955,40536.0
2025-05-22 11:38:00+00:00,0.06954,0.0696,0.06944,0.06957,53725.0
2025-05-22 11:39:00+00:00,0.06955,0.06964,0.06946,0.06955,70143.0
2025-05-22 11:40:00+00:00,0.06955,0.06965,0.06949,0.06959,92926.0
2025-05-22 11:41:00+00:00,0.06956,0.06971,0.06949,0.06962,233401.0
2025-05-22 11:42:00+00:00,0.06962,0.06962,0.06948,0.06952,67172.0
2025-05-22 11:43:00+00:00,0.06952,0.06962,0.06947,0.06957,72220.0
2025-05-22 11:44:00+00:00,0.06956,0.06957,0.06933,0.06942,64742.0
2025-05-22 11:45:00+00:00,0.06942,0.06944,0.06912,0.06916,73888.0
2025-05-22 11:46:00+00:00,0.06917,0.0695,0.06916,0.0695,108198.0
2025-05-22 11:47:00+00:00,0.06944,0.06957,0.06922,0.06924,67365.0
2025-05-22 11:48:00+00:00,0.06925,0.06941,0.06916,0.06941,49044.0
2025-05-22 11:49:00+00:00,0.0694,0.06951,0.0694,0.06951,32030.0
2025-05-22 11:50:00+00:00,0.06951,0.06963,0.0694,0.06949,76397.0
2025-05-22 11:51:00+00:00,0.06946,0.06962,0.06939,0.06952,67630.0
2025-05-22 11:52:00+00:00,0.06952,0.0696,0.06948,0.0695,102468.0
2025-05-22 11:53:00+00:00,0.06954,0.06962,0.06948,0.06958,63375.0
2025-05-22 11:54:00+00:00,0.06958,0.06966,0.06954,0.06955,130334.0
2025-05-22 11:55:00+00:00,0.06955,0.06969,0.06948,0.06969,56491.0
2025-05-22 11:56:00+00:00,0.06964,0.06968,0.06953,0.06963,67628.0
2025-05-22 11:57:00+00:00,0.06959,0.06967,0.06953,0.06957,53564.0
2025-05-22 11:58:00+00:00,0.06966,0.06967,0.06921,0.06927,135251.0
2025-05-22 11:59:00+00:00,0.06926,0.06927,0.06903,0.06916,73010.0
2025-05-22 12:00:00+00:00,0.06915,0.06922,0.06888,0.06897,71303.0
2025-05-22 12:01:00+00:00,0.06899,0.06923,0.06898,0.06914,56734.0
2025-05-22 12:02:00+00:00,0.06916,0.06922,0.06898,0.06904,95253.0
2025-05-22 12:03:00+00:00,0.06905,0.06921,0.069,0.0691,35199.0
2025-05-22 12:04:00+00:00,0.0691,0.06913,0.06889,0.06898,77488.0
2025-05-22 12:05:00+00:00,0.06899,0.06899,0.06861,0.06877,166393.0
2025-05-22 12:06:00+00:00,0.06877,0.06878,0.06855,0.06857,84251.0
2025-05-22 12:07:00+00:00,0.06857,0.06857,0.06851,0.06857,90660.0
2025-05-22 12:08:00+00:00,0.06857,0.06857,0.06851,0.06857,53806.0
2025-05-22 12:09:00+00:00,0.06857,0.06889,0.06856,0.06889,41863.0
2025-05-22 12:10:00+00:00,0.06888,0.06905,0.06888,0.06902,39544.0
2025-05-22 12:11:00+00:00,0.069,0.06902,0.06882,0.06883,75350.0
2025-05-22 12:12:00+00:00,0.06883,0.0689,0.06877,0.06884,33493.0
2025-05-22 12:13:00+00:00,0.06879,0.06909,0.06879,0.06904,34154.0
2025-05-22 12:14:00+00:00,0.06903,0.06917,0.06903,0.06917,35972.0
2025-05-22 12:15:00+00:00,0.06911,0.06926,0.06906,0.06914,64350.0
2025-05-22 12:16:00+00:00,0.06914,0.06914,0.06888,0.06894,48129.0
2025-05-22 12:17:00+00:00,0.06894,0.06899,0.06888,0.06899,31235.0
2025-05-22 12:18:00+00:00,0.06894,0.06906,0.06893,0.06899,47364.0
2025-05-22 12:19:00+00:00,0.06899,0.06912,0.06896,0.0691,50475.0
2025-05-22 12:20:00+00:00,0.06907,0.06916,0.06891,0.06905,70262.0
2025-05-22 12:21:00+00:00,0.06905,0.06916,0.06901,0.0691,43519.0
2025-05-22 12:22:00+00:00,0.06914,0.06921,0.06911,0.06913,39161.0
2025-05-22 12:23:00+00:00,0.06913,0.06932,0.06912,0.06929,41661.0
2025-05-22 12:24:00+00:00,0.06926,0.0693,0.06921,0.0693,68855.0
2025-05-22 12:25:00+00:00,0.0693,0.0693,0.06927,0.0693,27157.0
2025-05-22 12:26:00+00:00,0.0693,0.06933,0.06925,0.06933,33079.0
2025-05-22 12:27:00+00:00,0.06932,0.06934,0.06921,0.06921,47937.0
2025-05-22 12:28:00+00:00,0.06921,0.06933,0.06921,0.06932,54525.0
2025-05-22 12:29:00+00:00,0.06932,0.06933,0.06916,0.06928,43646.0
2025-05-22 12:30:00+00:00,0.06925,0.06938,0.06918,0.06934,32430.0
2025-05-22 12:31:00+00:00,0.06929,0.06934,0.06918,0.06921,61328.0
2025-05-22 12:32:00+00:00,0.06917,0.06951,0.06914,0.06951,50446.0
2025-05-22 12:33:00+00:00,0.06951,0.06952,0.06944,0.06951,39450.0
2025-05-22 12:34:00+00:00,0.06946,0.06958,0.06944,0.06955,80212.0
2025-05-22 12:35:00+00:00,0.06955,0.0697,0.06955,0.06961,53804.0
2025-05-22 12:36:00+00:00,0.06961,0.0697,0.06956,0.0696,35738.0
2025-05-22 12:37:00+00:00,0.06965,0.06975,0.06955,0.06969,81762.0
2025-05-22 12:38:00+00:00,0.06972,0.06979,0.06961,0.06964,46848.0
2025-05-22 12:39:00+00:00,0.06963,0.06975,0.06963,0.06975,29960.0
2025-05-22 12:40:00+00:00,0.06975,0.06979,0.06967,0.06971,46666.0
2025-05-22 12:41:00+00:00,0.06975,0.06986,0.06971,0.06976,71037.0
2025-05-22 12:42:00+00:00,0.06976,0.06979,0.06967,0.06969,44345.0
2025-05-22 12:43:00+00:00,0.06969,0.06975,0.06959,0.06962,73019.0
2025-05-22 12:44:00+00:00,0.0696,0.06984,0.06958,0.06984,46335.0
2025-05-22 12:45:00+00:00,0.06977,0.06983,0.06964,0.06969,51811.0
2025-05-22 12:46:00+00:00,0.06969,0.0697,0.06965,0.0697,25412.0
2025-05-22 12:47:00+00:00,0.06969,0.0697,0.06956,0.06965,41421.0
2025-05-22 12:48:00+00:00,0.06966,0.06968,0.06956,0.06961,61952.0
2025-05-22 12:49:00+00:00,0.06958,0.06966,0.06958,0.0696,37430.0
2025-05-22 12:50:00+00:00,0.06957,0.06966,0.06946,0.06959,59458.0
2025-05-22 12:51:00+00:00,0.06963,0.06966,0.06951,0.06961,50729.0
2025-05-22 12:52:00+00:00,0.06961,0.06966,0.06955,0.0696,48868.0
2025-05-22 12:53:00+00:00,0.0696,0.06968,0.06959,0.06968,35245.0
2025-05-22 12:54:00+00:00,0.06968,0.0697,0.06961,0.06965,39043.0
2025-05-22 12:55:00+00:00,0.06961,0.06967,0.06961,0.06961,55994.0
2025-05-22 12:56:00+00:00,0.06965,0.0697,0.06963,0.0697,43928.0
2025-05-22 12:57:00+00:00,0.0697,0.06988,0.06967,0.06976,104995.0
2025-05-22 12:58:00+00:00,0.06976,0.06977,0.06966,0.06969,58454.0
2025-05-22 12:59:00+00:00,0.06969,0.06977,0.06956,0.0697,94244.0
2025-05-22 13:00:00+00:00,0.0697,0.06985,0.06967,0.06978,80299.0
2025-05-22 13:01:00+00:00,0.06979,0.06982,0.06964,0.0697,58952.0
2025-05-22 13:02:00+00:00,0.06969,0.0698,0.06955,0.06974,134259.0
2025-05-22 13:03:00+00:00,0.06969,0.06972,0.06912,0.06954,95572.0
2025-05-22 13:04:00+00:00,0.06956,0.06965,0.06948,0.06957,54368.0
2025-05-22 13:05:00+00:00,0.06956,0.06958,0.06925,0.06933,70837.0
2025-05-22 13:06:00+00:00,0.06931,0.06953,0.06931,0.06943,64364.0
2025-05-22 13:07:00+00:00,0.06943,0.06947,0.0693,0.06936,48959.0
2025-05-22 13:08:00+00:00,0.06935,0.06937,0.06923,0.06928,46048.0
2025-05-22 13:09:00+00:00,0.06928,0.06948,0.06925,0.06943,40825.0
2025-05-22 13:10:00+00:00,0.06938,0.06955,0.06938,0.06948,55515.0
2025-05-22 13:11:00+00:00,0.06954,0.06955,0.06936,0.06946,74253.0
2025-05-22 13:12:00+00:00,0.06946,0.06959,0.06942,0.06958,44222.0
2025-05-22 13:13:00+00:00,0.06958,0.06965,0.06947,0.0696,136507.0
2025-05-22 13:14:00+00:00,0.0696,0.06962,0.06946,0.06946,94213.0
2025-05-22 13:15:00+00:00,0.0695,0.06963,0.06945,0.06952,61410.0
2025-05-22 13:16:00+00:00,0.06951,0.06963,0.06943,0.06951,49165.0
2025-05-22 13:17:00+00:00,0.06951,0.06968,0.06947,0.06955,117940.0
2025-05-22 13:18:00+00:00,0.06963,0.06975,0.0693,0.06935,233986.0
2025-05-22 13:19:00+00:00,0.06935,0.06937,0.06927,0.06929,58508.0
2025-05-22 13:20:00+00:00,0.06928,0.06928,0.06916,0.06926,48547.0
2025-05-22 13:21:00+00:00,0.06926,0.06927,0.06909,0.06916,62305.0
2025-05-22 13:22:00+00:00,0.06916,0.06928,0.06915,0.06927,25515.0
2025-05-22 13:23:00+00:00,0.06928,0.06932,0.06924,0.06931,56375.0
2025-05-22 13:24:00+00:00,0.06931,0.0694,0.06931,0.06936,32500.0
2025-05-22 13:25:00+00:00,0.06938,0.06948,0.06936,0.06948,82352.0
2025-05-22 13:26:00+00:00,0.06947,0.0696,0.06944,0.0696,131777.0
2025-05-22 13:27:00+00:00,0.0696,0.06967,0.06957,0.06963,57121.0
2025-05-22 13:28:00+00:00,0.06959,0.06971,0.06956,0.06971,31900.0
2025-05-22 13:29:00+00:00,0.0697,0.06974,0.06957,0.06972,49669.0
2025-05-22 13:30:00+00:00,0.06972,0.06978,0.06961,0.06976,44120.0
2025-05-22 13:31:00+00:00,0.06972,0.06974,0.06956,0.0696,57542.0
2025-05-22 13:32:00+00:00,0.0696,0.06972,0.06956,0.06968,52515.0
2025-05-22 13:33:00+00:00,0.06967,0.06973,0.06954,0.06957,66930.0
2025-05-22 13:34:00+00:00,0.06954,0.06958,0.06943,0.06949,49020.0
2025-05-22 13:35:00+00:00,0.06948,0.06958,0.0693,0.0695,119342.0
2025-05-22 13:36:00+00:00,0.06956,0.06957,0.06943,0.06949,47833.0
2025-05-22 13:37:00+00:00,0.06949,0.06961,0.06941,0.06957,92811.0
2025-05-22 13:38:00+00:00,0.06952,0.06956,0.06937,0.06947,50358.0
2025-05-22 13:39:00+00:00,0.06945,0.06952,0.06943,0.06952,38668.0
2025-05-22 13:40:00+00:00,0.06952,0.06955,0.06937,0.06951,62080.0
2025-05-22 13:41:00+00:00,0.06948,0.06956,0.06938,0.06948,58732.0
2025-05-22 13:42:00+00:00,0.06954,0.0696,0.06942,0.06951,64110.0
2025-05-22 13:43:00+00:00,0.06951,0.06954,0.06937,0.06948,87614.0
2025-05-22 13:44:00+00:00,0.06941,0.06946,0.06904,0.06917,210564.0
2025-05-22 13:45:00+00:00,0.06923,0.06938,0.06923,0.06938,27933.0
2025-05-22 13:46:00+00:00,0.06934,0.06946,0.06912,0.06916,91180.0
2025-05-22 13:47:00+00:00,0.06918,0.06919,0.06911,0.06913,27332.0
2025-05-22 13:48:00+00:00,0.06912,0.06914,0.069,0.06905,49278.0
2025-05-22 13:49:00+00:00,0.06904,0.06915,0.06893,0.06915,39036.0
2025-05-22 13:50:00+00:00,0.06916,0.06922,0.06911,0.06921,36240.0
2025-05-22 13:51:00+00:00,0.0692,0.06931,0.06916,0.06926,39084.0
2025-05-22 13:52:00+00:00,0.06926,0.06952,0.06925,0.06952,32366.0
2025-05-22 13:53:00+00:00,0.06947,0.06952,0.06944,0.06949,38573.0
2025-05-22 13:54:00+00:00,0.06949,0.06949,0.06945,0.06947,44549.0
2025-05-22 13:55:00+00:00,0.06944,0.06952,0.06937,0.06947,43767.0
2025-05-22 13:56:00+00:00,0.06946,0.06948,0.06935,0.06942,38937.0
2025-05-22 13:57:00+00:00,0.06938,0.06948,0.06934,0.06948,33807.0
2025-05-22 13:58:00+00:00,0.06948,0.06951,0.06931,0.06937,55328.0
2025-05-22 13:59:00+00:00,0.06937,0.06947,0.06936,0.06947,40023.0
2025-05-22 14:00:00+00:00,0.06946,0.06959,0.06943,0.06959,65128.0
2025-05-22 14:01:00+00:00,0.06957,0.0697,0.06948,0.06961,57327.0
2025-05-22 14:02:00+00:00,0.06961,0.06965,0.06945,0.06953,56003.0
2025-05-22 14:03:00+00:00,0.06951,0.06955,0.06945,0.06953,52445.0
2025-05-22 14:04:00+00:00,0.0695,0.06955,0.06945,0.06951,48750.0
2025-05-22 14:05:00+00:00,0.0695,0.06955,0.06944,0.06951,51313.0
2025-05-22 14:06:00+00:00,0.0695,0.06955,0.06945,0.06949,51810.0
2025-05-22 14:07:00+00:00,0.06952,0.0697,0.06949,0.06967,46175.0
2025-05-22 14:08:00+00:00,0.06966,0.0697,0.06962,0.0697,32680.0
2025-05-22 14:09:00+00:00,0.06967,0.0697,0.06961,0.0697,43358.0
2025-05-22 14:10:00+00:00,0.06966,0.0697,0.06961,0.0697,40049.0
2025-05-22 14:11:00+00:00,0.0697,0.0697,0.06961,0.06967,35481.0
2025-05-22 14:12:00+00:00,0.06966,0.0697,0.06951,0.0697,69600.0
2025-05-22 14:13:00+00:00,0.06969,0.0697,0.06965,0.06966,57821.0
2025-05-22 14:14:00+00:00,0.06966,0.06996,0.06966,0.06984,315982.0
2025-05-22 14:15:00+00:00,0.06985,0.07002,0.06985,0.06998,111199.0
2025-05-22 14:16:00+00:00,0.06998,0.06999,0.06968,0.06969,60338.0
2025-05-22 14:17:00+00:00,0.06968,0.06989,0.06962,0.06989,54782.0
2025-05-22 14:18:00+00:00,0.06988,0.07,0.06988,0.07,38303.0
2025-05-22 14:19:00+00:00,0.07,0.07001,0.06992,0.06997,69760.0
2025-05-22 14:20:00+00:00,0.06996,0.07005,0.06992,0.07001,40483.0
2025-05-22 14:21:00+00:00,0.07001,0.07002,0.06991,0.07001,27971.0
2025-05-22 14:22:00+00:00,0.06998,0.07001,0.06985,0.07001,25158.0
2025-05-22 14:23:00+00:00,0.07,0.07005,0.06998,0.07005,14088.0
2025-05-22 14:24:00+00:00,0.07005,0.07006,0.06991,0.07006,31291.0
2025-05-22 14:25:00+00:00,0.07008,0.0701,0.06999,0.07006,6444.0
2025-05-22 14:26:00+00:00,0.07003,0.07007,0.06995,0.07002,22286.0
2025-05-22 14:27:00+00:00,0.07,0.0701,0.07,0.07007,4118.0
2025-05-22 14:28:00+00:00,0.07007,0.0701,0.06969,0.06997,163959.0
2025-05-22 14:29:00+00:00,0.06991,0.06995,0.06981,0.06989,45967.0
2025-05-22 14:30:00+00:00,0.06989,0.07,0.06986,0.06998,41303.0
2025-05-22 14:31:00+00:00,0.06993,0.07003,0.06993,0.06999,39106.0
2025-05-22 14:32:00+00:00,0.06999,0.07,0.06985,0.06994,32297.0
2025-05-22 14:33:00+00:00,0.06993,0.07002,0.06993,0.06998,21309.0
2025-05-22 14:34:00+00:00,0.07002,0.07009,0.07,0.07005,32382.0
2025-05-22 14:35:00+00:00,0.07008,0.0701,0.06999,0.07,7936.0
2025-05-22 14:36:00+00:00,0.07002,0.07007,0.06996,0.07007,27806.0
2025-05-22 14:37:00+00:00,0.07004,0.07004,0.06997,0.07,18874.0
2025-05-22 14:38:00+00:00,0.07,0.07007,0.07,0.07004,8817.0
2025-05-22 14:39:00+00:00,0.07006,0.0701,0.07006,0.0701,1696.0
2025-05-22 14:40:00+00:00,0.0701,0.07015,0.0701,0.07012,14733.0
2025-05-22 14:41:00+00:00,0.07011,0.07016,0.07009,0.07012,7186.0
2025-05-22 14:42:00+00:00,0.07008,0.07011,0.07008,0.07008,1188.0
2025-05-22 14:43:00+00:00,0.07012,0.07016,0.07008,0.0701,12820.0
2025-05-22 14:44:00+00:00,0.07008,0.07008,0.07005,0.07005,1607.0
2025-05-22 14:45:00+00:00,0.07005,0.07005,0.06975,0.06984,107182.0
2025-05-22 14:46:00+00:00,0.06984,0.07,0.06984,0.06998,32080.0
2025-05-22 14:47:00+00:00,0.06997,0.07,0.06992,0.06999,30883.0
2025-05-22 14:48:00+00:00,0.06999,0.07002,0.06999,0.07,10034.0
2025-05-22 14:49:00+00:00,0.07001,0.07006,0.06996,0.07006,11558.0
2025-05-22 14:50:00+00:00,0.07007,0.0701,0.07006,0.07008,1468.0
2025-05-22 14:51:00+00:00,0.07009,0.07009,0.07001,0.07001,33318.0
2025-05-22 14:52:00+00:00,0.07003,0.07004,0.06999,0.07002,2587.0
2025-05-22 14:53:00+00:00,0.06999,0.07006,0.06999,0.07006,1572.0
2025-05-22 14:54:00+00:00,0.07002,0.07015,0.06984,0.06995,101633.0
2025-05-22 14:55:00+00:00,0.07005,0.07007,0.06994,0.06997,17042.0
2025-05-22 14:56:00+00:00,0.06994,0.07001,0.06983,0.06985,42680.0
2025-05-22 14:57:00+00:00,0.06984,0.0699,0.06983,0.0699,42032.0
2025-05-22 14:58:00+00:00,0.0699,0.06995,0.06983,0.06987,42980.0
2025-05-22 14:59:00+00:00,0.06987,0.06997,0.06987,0.06997,31192.0
2025-05-22 15:00:00+00:00,0.06994,0.07003,0.06993,0.07002,9142.0
2025-05-22 15:01:00+00:00,0.07001,0.07004,0.06992,0.06993,17896.0
2025-05-22 15:02:00+00:00,0.06994,0.07003,0.06994,0.07003,22959.0
2025-05-22 15:03:00+00:00,0.07003,0.07016,0.07003,0.07016,8206.0
2025-05-22 15:04:00+00:00,0.07018,0.0702,0.07014,0.0702,15208.0
2025-05-22 15:05:00+00:00,0.07014,0.0702,0.0701,0.07019,28097.0
2025-05-22 15:06:00+00:00,0.0702,0.07029,0.07015,0.07017,21131.0
2025-05-22 15:07:00+00:00,0.07021,0.07022,0.07019,0.07022,10185.0
2025-05-22 15:08:00+00:00,0.07019,0.07022,0.07018,0.07022,10188.0
2025-05-22 15:09:00+00:00,0.0702,0.07024,0.0702,0.07024,8033.0
2025-05-22 15:10:00+00:00,0.07024,0.07024,0.07009,0.07009,44661.0
2025-05-22 15:11:00+00:00,0.0701,0.07013,0.07002,0.07002,3587.0
2025-05-22 15:12:00+00:00,0.07003,0.07003,0.06993,0.07,43298.0
2025-05-22 15:13:00+00:00,0.07,0.07004,0.07,0.07003,3318.0
2025-05-22 15:14:00+00:00,0.07002,0.07011,0.07001,0.07008,12364.0
2025-05-22 15:15:00+00:00,0.07008,0.07011,0.07004,0.0701,14716.0
2025-05-22 15:16:00+00:00,0.07008,0.07009,0.07006,0.07006,2852.0
2025-05-22 15:17:00+00:00,0.07004,0.07005,0.07,0.07001,14526.0
2025-05-22 15:18:00+00:00,0.07002,0.07004,0.07,0.07004,8024.0
2025-05-22 15:19:00+00:00,0.07002,0.07002,0.06991,0.06993,19913.0
2025-05-22 15:20:00+00:00,0.06994,0.07003,0.06992,0.07,63711.0
2025-05-22 15:21:00+00:00,0.07001,0.07005,0.07001,0.07005,1830.0
2025-05-22 15:22:00+00:00,0.07,0.07,0.06963,0.0697,88162.0
2025-05-22 15:23:00+00:00,0.06971,0.06998,0.06971,0.06998,55080.0
2025-05-22 15:24:00+00:00,0.06997,0.06997,0.0698,0.0698,60588.0
2025-05-22 15:25:00+00:00,0.06986,0.06997,0.06986,0.06997,47117.0
2025-05-22 15:26:00+00:00,0.06997,0.06999,0.06984,0.06984,27135.0
2025-05-22 15:27:00+00:00,0.06985,0.06985,0.06967,0.06976,15279.0
2025-05-22 15:28:00+00:00,0.06975,0.06975,0.0697,0.06971,1394.0
2025-05-22 15:29:00+00:00,0.06971,0.06971,0.06966,0.06966,1177.0
2025-05-22 15:30:00+00:00,0.06964,0.06969,0.06963,0.06966,10907.0
2025-05-22 15:31:00+00:00,0.06968,0.06968,0.06951,0.06951,18110.0
2025-05-22 15:32:00+00:00,0.06955,0.06955,0.06952,0.06952,1330.0
2025-05-22 15:33:00+00:00,0.06955,0.06958,0.06954,0.06958,8639.0
2025-05-22 15:34:00+00:00,0.06957,0.06957,0.06952,0.06952,7903.0
2025-05-22 15:35:00+00:00,0.06957,0.0696,0.06956,0.06956,9128.0
2025-05-22 15:36:00+00:00,0.06961,0.06964,0.06948,0.06951,44717.0
2025-05-22 15:37:00+00:00,0.06951,0.06951,0.06948,0.06948,2383.0
2025-05-22 15:38:00+00:00,0.06948,0.06949,0.06944,0.06944,12028.0
2025-05-22 15:39:00+00:00,0.06943,0.06943,0.06931,0.06931,7091.0
2025-05-22 15:40:00+00:00,0.06933,0.06934,0.06923,0.06925,8304.0
2025-05-22 15:41:00+00:00,0.06922,0.06924,0.06921,0.06922,4148.0
2025-05-22 15:42:00+00:00,0.0692,0.0692,0.06895,0.06895,37224.0
2025-05-22 15:43:00+00:00,0.06899,0.06913,0.06899,0.06909,4366.0
2025-05-22 15:44:00+00:00,0.06914,0.06922,0.0691,0.0691,16024.0
2025-05-22 15:45:00+00:00,0.06914,0.06925,0.06914,0.06925,791.0
2025-05-22 15:46:00+00:00,0.06925,0.06946,0.06925,0.06925,113599.0
2025-05-22 15:47:00+00:00,0.06925,0.06928,0.06925,0.06925,5492.0
2025-05-22 15:48:00+00:00,0.06925,0.06925,0.06919,0.06921,1326.0
2025-05-22 15:49:00+00:00,0.0692,0.0692,0.06888,0.06902,282900.0
2025-05-22 15:50:00+00:00,0.06904,0.06905,0.06888,0.06889,51103.0
2025-05-22 15:51:00+00:00,0.06889,0.06894,0.06887,0.06887,48212.0
2025-05-22 15:52:00+00:00,0.06888,0.069,0.06884,0.069,22751.0
2025-05-22 15:53:00+00:00,0.06901,0.06914,0.06901,0.06914,45986.0
2025-05-22 15:54:00+00:00,0.06907,0.06915,0.06905,0.06905,11451.0
2025-05-22 15:55:00+00:00,0.0691,0.0694,0.06909,0.06915,185893.0
2025-05-22 15:56:00+00:00,0.06913,0.06923,0.069,0.06903,25867.0
2025-05-22 15:57:00+00:00,0.06901,0.06903,0.069,0.069,4303.0
2025-05-22 15:58:00+00:00,0.069,0.06905,0.069,0.06901,22655.0
2025-05-22 15:59:00+00:00,0.06902,0.06908,0.06902,0.06908,2620.0
2025-05-22 16:00:00+00:00,0.0691,0.0692,0.06885,0.06885,81290.0
2025-05-22 16:01:00+00:00,0.06888,0.06889,0.0687,0.06878,129774.0
2025-05-22 16:02:00+00:00,0.06875,0.06887,0.06865,0.06887,72116.0
2025-05-22 16:03:00+00:00,0.06887,0.06887,0.06869,0.06876,11360.0
2025-05-22 16:04:00+00:00,0.06879,0.06883,0.0686,0.06867,71913.0
2025-05-22 16:05:00+00:00,0.06869,0.06884,0.06869,0.06871,23217.0
2025-05-22 16:06:00+00:00,0.06868,0.06868,0.06856,0.06863,16156.0
2025-05-22 16:07:00+00:00,0.06863,0.06877,0.06856,0.06874,18958.0
2025-05-22 16:08:00+00:00,0.06869,0.06877,0.06856,0.06859,43035.0
2025-05-22 16:09:00+00:00,0.06877,0.0689,0.0685,0.06854,85387.0
2025-05-22 16:10:00+00:00,0.06863,0.06873,0.06856,0.06861,27333.0
2025-05-22 16:11:00+00:00,0.06861,0.0687,0.0686,0.0687,14130.0
2025-05-22 16:12:00+00:00,0.06868,0.06869,0.06861,0.06867,3983.0
2025-05-22 16:13:00+00:00,0.06862,0.06868,0.0686,0.06868,26541.0
2025-05-22 16:14:00+00:00,0.06869,0.06883,0.06869,0.06877,8380.0
2025-05-22 16:15:00+00:00,0.06877,0.06886,0.06871,0.06884,9320.0
2025-05-22 16:16:00+00:00,0.06885,0.0689,0.06876,0.06878,22888.0
2025-05-22 16:17:00+00:00,0.06879,0.06892,0.06874,0.06892,40721.0
2025-05-22 16:18:00+00:00,0.06889,0.06889,0.06871,0.06875,81710.0
2025-05-22 16:19:00+00:00,0.06873,0.06873,0.0686,0.0686,23884.0
2025-05-22 16:20:00+00:00,0.06861,0.06868,0.0686,0.06864,68366.0
2025-05-22 16:21:00+00:00,0.06861,0.06867,0.06859,0.06861,18081.0
2025-05-22 16:22:00+00:00,0.06859,0.06861,0.06852,0.06853,23831.0
2025-05-22 16:23:00+00:00,0.06852,0.06852,0.06827,0.06829,198547.0
2025-05-22 16:24:00+00:00,0.0683,0.06842,0.06829,0.0684,47258.0
2025-05-22 16:25:00+00:00,0.06838,0.0684,0.06829,0.0684,59389.0
2025-05-22 16:26:00+00:00,0.06841,0.06855,0.06841,0.06847,18560.0
2025-05-22 16:27:00+00:00,0.0685,0.06871,0.0685,0.06871,77663.0
2025-05-22 16:28:00+00:00,0.06872,0.069,0.06872,0.069,4626.0
2025-05-22 16:29:00+00:00,0.06896,0.06896,0.06882,0.06882,18969.0
2025-05-22 16:30:00+00:00,0.06884,0.06884,0.06875,0.06875,28293.0
2025-05-22 16:31:00+00:00,0.06875,0.06875,0.06866,0.06866,5242.0
2025-05-22 16:32:00+00:00,0.06867,0.06879,0.0686,0.0686,92302.0
2025-05-22 16:33:00+00:00,0.06861,0.06862,0.0686,0.06862,6658.0
2025-05-22 16:34:00+00:00,0.06861,0.06867,0.06861,0.06865,9373.0
2025-05-22 16:35:00+00:00,0.06864,0.06875,0.06864,0.06869,50068.0
2025-05-22 16:36:00+00:00,0.06867,0.06867,0.06863,0.06865,1011.0
2025-05-22 16:37:00+00:00,0.06863,0.06881,0.06863,0.06881,3160.0
2025-05-22 16:38:00+00:00,0.0688,0.06889,0.06874,0.06874,36634.0
2025-05-22 16:39:00+00:00,0.06873,0.06873,0.06873,0.06873,140.0
2025-05-22 16:40:00+00:00,0.06874,0.06878,0.06865,0.06878,58842.0
2025-05-22 16:41:00+00:00,0.06878,0.06891,0.06878,0.06889,41164.0
2025-05-22 16:42:00+00:00,0.0689,0.06892,0.06885,0.06888,2401.0
2025-05-22 16:43:00+00:00,0.06892,0.06917,0.06889,0.06917,71153.0
2025-05-22 16:44:00+00:00,0.06916,0.06918,0.06915,0.06915,5855.0
2025-05-22 16:45:00+00:00,0.06915,0.06918,0.06912,0.06913,37020.0
2025-05-22 16:46:00+00:00,0.06911,0.06912,0.0691,0.06912,6776.0
2025-05-22 16:47:00+00:00,0.06909,0.06911,0.06883,0.06887,86506.0
2025-05-22 16:48:00+00:00,0.06887,0.06909,0.06887,0.06906,34523.0
2025-05-22 16:49:00+00:00,0.06905,0.06915,0.06905,0.06913,23407.0
2025-05-22 16:50:00+00:00,0.06914,0.06927,0.06912,0.06912,53386.0
2025-05-22 16:51:00+00:00,0.06911,0.06918,0.06903,0.06918,26524.0
2025-05-22 16:52:00+00:00,0.06918,0.06935,0.06913,0.06932,68887.0
2025-05-22 16:53:00+00:00,0.06931,0.06934,0.06931,0.06932,1292.0
2025-05-22 16:54:00+00:00,0.06929,0.06929,0.06921,0.06924,17710.0
2025-05-22 16:55:00+00:00,0.06921,0.06925,0.06918,0.06918,10661.0
2025-05-22 16:56:00+00:00,0.06921,0.06921,0.06904,0.06919,5866.0
2025-05-22 16:57:00+00:00,0.06916,0.06917,0.06914,0.06917,8163.0
2025-05-22 16:58:00+00:00,0.06916,0.06917,0.06914,0.06914,2784.0
2025-05-22 16:59:00+00:00,0.06917,0.06925,0.06916,0.06923,8792.0
2025-05-22 17:00:00+00:00,0.06918,0.06932,0.06918,0.06931,12921.0
2025-05-22 17:01:00+00:00,0.06932,0.06966,0.06922,0.06924,75123.0
2025-05-22 17:02:00+00:00,0.0692,0.06933,0.06916,0.06916,16980.0
2025-05-22 17:03:00+00:00,0.06918,0.06943,0.06915,0.06943,42001.0
2025-05-22 17:04:00+00:00,0.06942,0.06942,0.06931,0.06934,3686.0
2025-05-22 17:05:00+00:00,0.06931,0.06931,0.06925,0.06925,2626.0
2025-05-22 17:06:00+00:00,0.0692,0.06941,0.0692,0.06935,41947.0
2025-05-22 17:07:00+00:00,0.06937,0.06943,0.06936,0.06943,1180.0
2025-05-22 17:08:00+00:00,0.06941,0.06951,0.06941,0.06951,1375.0
2025-05-22 17:09:00+00:00,0.06954,0.06964,0.06944,0.06956,26111.0
2025-05-22 17:10:00+00:00,0.06956,0.0696,0.06952,0.06958,9470.0
2025-05-22 17:11:00+00:00,0.06957,0.06964,0.06956,0.06964,14039.0
2025-05-22 17:12:00+00:00,0.06963,0.06969,0.06958,0.06964,5544.0
2025-05-22 17:13:00+00:00,0.06963,0.06963,0.06945,0.06945,22683.0
2025-05-22 17:14:00+00:00,0.06946,0.06947,0.06939,0.06941,29453.0
2025-05-22 17:15:00+00:00,0.06945,0.06946,0.06941,0.06941,2745.0
2025-05-22 17:16:00+00:00,0.0694,0.0694,0.06936,0.06936,1748.0
2025-05-22 17:17:00+00:00,0.06935,0.06935,0.06933,0.06935,647.0
2025-05-22 17:18:00+00:00,0.06932,0.06932,0.06929,0.06931,3797.0
2025-05-22 17:19:00+00:00,0.06929,0.06929,0.06915,0.06915,30349.0
2025-05-22 17:20:00+00:00,0.06916,0.0692,0.06915,0.06918,4208.0
2025-05-22 17:21:00+00:00,0.06918,0.06921,0.06918,0.06921,10893.0
2025-05-22 17:22:00+00:00,0.06921,0.06924,0.0691,0.06913,24357.0
2025-05-22 17:23:00+00:00,0.0691,0.06913,0.06908,0.06912,11164.0
2025-05-22 17:24:00+00:00,0.06909,0.0692,0.06909,0.06916,11335.0
2025-05-22 17:25:00+00:00,0.06918,0.06922,0.06918,0.06922,1069.0
2025-05-22 17:26:00+00:00,0.06922,0.06929,0.0692,0.06929,20821.0
2025-05-22 17:27:00+00:00,0.06927,0.06927,0.06927,0.06927,231.0
2025-05-22 17:28:00+00:00,0.06927,0.06927,0.06912,0.06912,10114.0
2025-05-22 17:29:00+00:00,0.06915,0.0692,0.06904,0.0691,52871.0
2025-05-22 17:30:00+00:00,0.0691,0.06911,0.06905,0.06909,15549.0
2025-05-22 17:31:00+00:00,0.06909,0.06909,0.06895,0.06895,10401.0
2025-05-22 17:32:00+00:00,0.06894,0.06894,0.06863,0.06865,28989.0
2025-05-22 17:33:00+00:00,0.06882,0.06884,0.06882,0.06884,1041.0
2025-05-22 17:34:00+00:00,0.06897,0.06902,0.06897,0.069,2560.0
2025-05-22 17:35:00+00:00,0.069,0.06901,0.06897,0.06898,4524.0
2025-05-22 17:36:00+00:00,0.06897,0.06897,0.06879,0.0689,8842.0
2025-05-22 17:37:00+00:00,0.06888,0.06892,0.06875,0.06875,4969.0
2025-05-22 17:38:00+00:00,0.06888,0.06888,0.06885,0.06886,1271.0
2025-05-22 17:39:00+00:00,0.06885,0.06885,0.06878,0.06878,1755.0
2025-05-22 17:40:00+00:00,0.06881,0.06886,0.0688,0.06884,15298.0
2025-05-22 17:41:00+00:00,0.06885,0.06885,0.06884,0.06884,683.0
2025-05-22 17:42:00+00:00,0.06884,0.06885,0.06881,0.06881,2479.0
2025-05-22 17:43:00+00:00,0.0688,0.06882,0.06862,0.06863,92113.0
2025-05-22 17:44:00+00:00,0.06865,0.06866,0.06863,0.06863,1967.0
2025-05-22 17:45:00+00:00,0.06865,0.06868,0.06862,0.06868,9610.0
2025-05-22 17:46:00+00:00,0.06869,0.06869,0.06867,0.06868,2179.0
2025-05-22 17:47:00+00:00,0.06868,0.06894,0.06868,0.06894,30939.0
2025-05-22 17:48:00+00:00,0.06895,0.06899,0.06895,0.06896,16827.0
2025-05-22 17:49:00+00:00,0.06895,0.06895,0.06884,0.06888,14241.0
2025-05-22 17:50:00+00:00,0.06888,0.06896,0.06888,0.06894,26478.0
2025-05-22 17:51:00+00:00,0.06895,0.06895,0.06889,0.06893,10160.0
2025-05-22 17:52:00+00:00,0.06893,0.06894,0.06879,0.06879,24717.0
2025-05-22 17:53:00+00:00,0.06884,0.06884,0.06882,0.06882,1981.0
2025-05-22 17:54:00+00:00,0.06882,0.06882,0.06875,0.06878,1046.0
2025-05-22 17:55:00+00:00,0.06878,0.06883,0.06871,0.06876,30753.0
2025-05-22 17:56:00+00:00,0.06876,0.06883,0.06876,0.06881,1354.0
2025-05-22 17:57:00+00:00,0.06883,0.06886,0.06883,0.06886,8560.0
2025-05-22 17:58:00+00:00,0.06886,0.06887,0.06884,0.06886,684.0
2025-05-22 17:59:00+00:00,0.06886,0.06888,0.06884,0.06888,1653.0
2025-05-22 18:00:00+00:00,0.06886,0.06893,0.06886,0.06893,2070.0
2025-05-22 18:01:00+00:00,0.06893,0.06893,0.06878,0.06888,39028.0
2025-05-22 18:02:00+00:00,0.06891,0.06898,0.06891,0.06896,5448.0
2025-05-22 18:03:00+00:00,0.06896,0.06897,0.0689,0.0689,2146.0
2025-05-22 18:04:00+00:00,0.06888,0.06889,0.06885,0.06887,1871.0
2025-05-22 18:05:00+00:00,0.06886,0.06886,0.06881,0.06881,601.0
2025-05-22 18:06:00+00:00,0.06882,0.06882,0.06867,0.06871,14840.0
2025-05-22 18:07:00+00:00,0.06868,0.06873,0.06867,0.06873,8054.0
2025-05-22 18:08:00+00:00,0.06872,0.06886,0.06871,0.06876,40975.0
2025-05-22 18:09:00+00:00,0.06878,0.06885,0.06876,0.06876,13552.0
2025-05-22 18:10:00+00:00,0.06879,0.06881,0.06873,0.06878,15691.0
2025-05-22 18:11:00+00:00,0.0688,0.06881,0.06878,0.0688,9526.0
2025-05-22 18:12:00+00:00,0.06879,0.06889,0.06876,0.06887,20389.0
2025-05-22 18:13:00+00:00,0.06887,0.06898,0.06887,0.06897,1502.0
2025-05-22 18:14:00+00:00,0.06898,0.06907,0.06898,0.06902,27919.0
2025-05-22 18:15:00+00:00,0.069,0.06906,0.069,0.06903,5867.0
2025-05-22 18:16:00+00:00,0.06906,0.06915,0.06906,0.06915,2927.0
2025-05-22 18:17:00+00:00,0.06914,0.06921,0.06914,0.0692,3696.0
2025-05-22 18:18:00+00:00,0.0692,0.06933,0.0692,0.06933,4493.0
2025-05-22 18:19:00+00:00,0.06933,0.06939,0.06932,0.06939,1253.0
2025-05-22 18:20:00+00:00,0.06943,0.06944,0.06924,0.06925,3703.0
2025-05-22 18:21:00+00:00,0.06922,0.06922,0.06918,0.06921,3154.0
2025-05-22 18:22:00+00:00,0.0692,0.0692,0.06906,0.06906,5606.0
2025-05-22 18:23:00+00:00,0.06905,0.06905,0.06894,0.06896,2103.0
2025-05-22 18:24:00+00:00,0.06896,0.06897,0.06896,0.06897,1415.0
2025-05-22 18:25:00+00:00,0.06898,0.06898,0.06881,0.06881,12857.0
2025-05-22 18:26:00+00:00,0.06878,0.06884,0.06878,0.06884,3863.0
2025-05-22 18:27:00+00:00,0.06884,0.06891,0.06883,0.06891,3661.0
2025-05-22 18:28:00+00:00,0.06893,0.06896,0.06893,0.06895,1901.0
2025-05-22 18:29:00+00:00,0.06896,0.06897,0.06894,0.06897,1349.0
2025-05-22 18:30:00+00:00,0.06897,0.069,0.06897,0.069,1765.0
2025-05-22 18:31:00+00:00,0.06899,0.06902,0.06898,0.06898,2211.0
2025-05-22 18:32:00+00:00,0.06898,0.06898,0.0689,0.0689,2987.0
2025-05-22 18:33:00+00:00,0.06891,0.06891,0.0689,0.0689,306.0
2025-05-22 18:34:00+00:00,0.06891,0.06891,0.06889,0.06889,558.0
2025-05-22 18:35:00+00:00,0.06891,0.06892,0.06884,0.06884,7973.0
2025-05-22 18:36:00+00:00,0.06887,0.06887,0.06884,0.06884,1905.0
2025-05-22 18:37:00+00:00,0.06883,0.06883,0.06873,0.06881,24263.0
2025-05-22 18:38:00+00:00,0.06884,0.06884,0.06875,0.06875,2153.0
2025-05-22 18:39:00+00:00,0.06877,0.06877,0.06877,0.06877,1590.0
2025-05-22 18:40:00+00:00,0.06878,0.06897,0.06878,0.06889,27369.0
2025-05-22 18:41:00+00:00,0.06886,0.06888,0.06886,0.06886,4219.0
2025-05-22 18:42:00+00:00,0.06887,0.06888,0.06885,0.06885,2336.0
2025-05-22 18:43:00+00:00,0.06888,0.06893,0.06888,0.06893,584.0
2025-05-22 18:44:00+00:00,0.06893,0.06896,0.06893,0.06896,1831.0
2025-05-22 18:45:00+00:00,0.06895,0.06898,0.06895,0.06896,2394.0
2025-05-22 18:46:00+00:00,0.06896,0.06896,0.06877,0.06882,30472.0
2025-05-22 18:47:00+00:00,0.06882,0.06882,0.06882,0.06882,0.0
2025-05-22 18:48:00+00:00,0.0688,0.06881,0.06871,0.06881,11024.0
2025-05-22 18:49:00+00:00,0.06882,0.06902,0.06882,0.06902,9268.0
2025-05-22 18:50:00+00:00,0.06902,0.06907,0.06895,0.06895,4372.0
2025-05-22 18:51:00+00:00,0.06894,0.06896,0.06892,0.06896,5402.0
2025-05-22 18:52:00+00:00,0.06894,0.06914,0.06887,0.06906,24395.0
2025-05-22 18:53:00+00:00,0.06906,0.06908,0.06905,0.06908,1904.0
2025-05-22 18:54:00+00:00,0.06907,0.06913,0.06907,0.06911,3749.0
2025-05-22 18:55:00+00:00,0.06912,0.06912,0.06901,0.06906,7519.0
2025-05-22 18:56:00+00:00,0.069,0.069,0.0689,0.06894,5251.0
2025-05-22 18:57:00+00:00,0.06896,0.06897,0.06896,0.06897,729.0
2025-05-22 18:58:00+00:00,0.06897,0.06899,0.06889,0.06892,4819.0
2025-05-22 18:59:00+00:00,0.06889,0.06894,0.06889,0.06894,1802.0
2025-05-22 19:00:00+00:00,0.06894,0.06897,0.06894,0.06896,1499.0
2025-05-22 19:01:00+00:00,0.06897,0.06906,0.06896,0.06906,3060.0
2025-05-22 19:02:00+00:00,0.06908,0.06913,0.06908,0.0691,2307.0
2025-05-22 19:03:00+00:00,0.06909,0.06924,0.06909,0.06919,9885.0
2025-05-22 19:04:00+00:00,0.06918,0.06918,0.069,0.06903,13002.0
2025-05-22 19:05:00+00:00,0.06904,0.06904,0.06904,0.06904,226.0
2025-05-22 19:06:00+00:00,0.06907,0.06915,0.06906,0.06906,6505.0
2025-05-22 19:07:00+00:00,0.06905,0.0692,0.06904,0.06909,32842.0
2025-05-22 19:08:00+00:00,0.06904,0.0691,0.06902,0.0691,18174.0
2025-05-22 19:09:00+00:00,0.06912,0.06915,0.06895,0.06902,62523.0
2025-05-22 19:10:00+00:00,0.06901,0.06909,0.06901,0.06903,4280.0
2025-05-22 19:11:00+00:00,0.06903,0.06914,0.069,0.06911,16467.0
2025-05-22 19:12:00+00:00,0.06913,0.06923,0.06913,0.06921,2450.0
2025-05-22 19:13:00+00:00,0.06922,0.06932,0.06922,0.06932,2184.0
2025-05-22 19:14:00+00:00,0.06932,0.06944,0.06927,0.0694,41979.0
2025-05-22 19:15:00+00:00,0.06943,0.06979,0.06943,0.06967,151792.0
2025-05-22 19:16:00+00:00,0.06971,0.06971,0.06955,0.0696,3545.0
2025-05-22 19:17:00+00:00,0.06962,0.06967,0.06948,0.06948,5053.0
2025-05-22 19:18:00+00:00,0.06946,0.06948,0.06931,0.06943,54302.0
2025-05-22 19:19:00+00:00,0.06943,0.06944,0.06937,0.06937,6676.0
2025-05-22 19:20:00+00:00,0.0694,0.0694,0.06939,0.06939,1451.0
2025-05-22 19:21:00+00:00,0.06939,0.06939,0.06925,0.06925,2817.0
2025-05-22 19:22:00+00:00,0.06927,0.06938,0.06927,0.06932,3078.0
2025-05-22 19:23:00+00:00,0.06935,0.06937,0.06935,0.06937,784.0
2025-05-22 19:24:00+00:00,0.06937,0.06938,0.06917,0.06926,176543.0
2025-05-22 19:25:00+00:00,0.06926,0.0694,0.06926,0.0693,8243.0
2025-05-22 19:26:00+00:00,0.06938,0.06943,0.06938,0.06943,857.0
2025-05-22 19:27:00+00:00,0.06943,0.06943,0.06943,0.06943,150.0
2025-05-22 19:28:00+00:00,0.06944,0.06948,0.06943,0.06943,2611.0
2025-05-22 19:29:00+00:00,0.06943,0.06943,0.0694,0.0694,441.0
2025-05-22 19:30:00+00:00,0.06945,0.06967,0.06945,0.06965,70168.0
2025-05-22 19:31:00+00:00,0.06965,0.06965,0.06945,0.06945,2522.0
2025-05-22 19:32:00+00:00,0.06941,0.06944,0.0694,0.06941,2502.0
2025-05-22 19:33:00+00:00,0.06936,0.06936,0.06924,0.06924,861.0
2025-05-22 19:34:00+00:00,0.0693,0.06934,0.06919,0.06934,39763.0
2025-05-22 19:35:00+00:00,0.0693,0.06939,0.0693,0.06939,1990.0
2025-05-22 19:36:00+00:00,0.06939,0.06939,0.06925,0.06926,25901.0
2025-05-22 19:37:00+00:00,0.06928,0.06933,0.06926,0.06933,4170.0
2025-05-22 19:38:00+00:00,0.06931,0.0694,0.0693,0.0694,7486.0
2025-05-22 19:39:00+00:00,0.06936,0.06947,0.0693,0.0693,16628.0
2025-05-22 19:40:00+00:00,0.06935,0.06939,0.06934,0.06934,3353.0
2025-05-22 19:41:00+00:00,0.06934,0.06939,0.06934,0.06939,1505.0
2025-05-22 19:42:00+00:00,0.06938,0.06944,0.0693,0.0693,24696.0
2025-05-22 19:43:00+00:00,0.06935,0.06937,0.06935,0.06937,862.0
2025-05-22 19:44:00+00:00,0.06941,0.06943,0.06939,0.0694,1849.0
2025-05-22 19:45:00+00:00,0.06942,0.0695,0.06942,0.06945,10451.0
2025-05-22 19:46:00+00:00,0.06945,0.06954,0.06945,0.06945,63463.0
2025-05-22 19:47:00+00:00,0.06944,0.06944,0.06938,0.06942,5802.0
2025-05-22 19:48:00+00:00,0.06942,0.06948,0.06938,0.06948,3146.0
2025-05-22 19:49:00+00:00,0.06948,0.06958,0.06948,0.06948,23766.0
2025-05-22 19:50:00+00:00,0.06951,0.06951,0.06946,0.06946,1339.0
2025-05-22 19:51:00+00:00,0.06949,0.06951,0.06945,0.06951,4266.0
2025-05-22 19:52:00+00:00,0.06949,0.06958,0.06948,0.06956,1957.0
2025-05-22 19:53:00+00:00,0.06953,0.06953,0.0695,0.0695,518.0
2025-05-22 19:54:00+00:00,0.06946,0.06959,0.06945,0.06959,9504.0
2025-05-22 19:55:00+00:00,0.0696,0.06966,0.0696,0.06962,2436.0
2025-05-22 19:56:00+00:00,0.06964,0.06965,0.06956,0.06965,2130.0
2025-05-22 19:57:00+00:00,0.06965,0.06971,0.06957,0.06964,8630.0
2025-05-22 19:58:00+00:00,0.06968,0.06973,0.06962,0.06973,5602.0
2025-05-22 19:59:00+00:00,0.06965,0.06968,0.06949,0.06949,6619.0
2025-05-22 20:00:00+00:00,0.06949,0.06949,0.06905,0.06905,14317.0
2025-05-22 20:01:00+00:00,0.06913,0.06925,0.06909,0.06925,4679.0
2025-05-22 20:02:00+00:00,0.06923,0.06931,0.06923,0.06931,960.0
2025-05-22 20:03:00+00:00,0.06932,0.06935,0.0693,0.06935,544.0
2025-05-22 20:04:00+00:00,0.06935,0.0694,0.06935,0.06936,1578.0
2025-05-22 20:05:00+00:00,0.06936,0.06941,0.06935,0.06941,8123.0
2025-05-22 20:06:00+00:00,0.06937,0.06941,0.06932,0.06932,5502.0
2025-05-22 20:07:00+00:00,0.06932,0.06932,0.06912,0.06912,8081.0
2025-05-22 20:08:00+00:00,0.06908,0.06914,0.06907,0.06914,15453.0
2025-05-22 20:09:00+00:00,0.06911,0.06922,0.06911,0.06921,16195.0
2025-05-22 20:10:00+00:00,0.06922,0.06925,0.06922,0.06923,1903.0
2025-05-22 20:11:00+00:00,0.06923,0.06924,0.06922,0.06922,829.0
2025-05-22 20:12:00+00:00,0.0692,0.06943,0.0692,0.06936,92987.0
2025-05-22 20:13:00+00:00,0.06936,0.06945,0.06936,0.06945,1234.0
2025-05-22 20:14:00+00:00,0.06943,0.06945,0.06939,0.06939,2561.0
2025-05-22 20:15:00+00:00,0.06939,0.06939,0.06932,0.06932,1593.0
2025-05-22 20:16:00+00:00,0.06932,0.06932,0.06922,0.06922,45261.0
2025-05-22 20:17:00+00:00,0.0692,0.06923,0.0691,0.06923,8973.0
2025-05-22 20:18:00+00:00,0.06923,0.06927,0.06923,0.06923,1443.0
2025-05-22 20:19:00+00:00,0.06924,0.0693,0.06924,0.0693,1497.0
2025-05-22 20:20:00+00:00,0.06926,0.06935,0.06926,0.06932,122339.0
2025-05-22 20:21:00+00:00,0.06933,0.06935,0.06924,0.06935,7877.0
2025-05-22 20:22:00+00:00,0.06934,0.06934,0.0693,0.06932,1110.0
2025-05-22 20:23:00+00:00,0.06932,0.06933,0.0693,0.06932,57548.0
2025-05-22 20:24:00+00:00,0.06933,0.06949,0.06932,0.06933,117117.0
2025-05-22 20:25:00+00:00,0.06934,0.06936,0.06931,0.06935,1374.0
2025-05-22 20:26:00+00:00,0.06936,0.06938,0.06936,0.06938,587.0
2025-05-22 20:27:00+00:00,0.06939,0.06945,0.0691,0.06931,115705.0
2025-05-22 20:28:00+00:00,0.06931,0.06935,0.06931,0.06935,1525.0
2025-05-22 20:29:00+00:00,0.06935,0.06936,0.06935,0.06936,639.0
2025-05-22 20:30:00+00:00,0.06937,0.06952,0.06936,0.06942,29289.0
2025-05-22 20:31:00+00:00,0.06943,0.06947,0.06943,0.06943,2017.0
2025-05-22 20:32:00+00:00,0.06946,0.06946,0.06934,0.06937,3677.0
2025-05-22 20:33:00+00:00,0.06942,0.06942,0.06922,0.0693,32061.0
2025-05-22 20:34:00+00:00,0.06933,0.06937,0.06925,0.06925,6077.0
2025-05-22 20:35:00+00:00,0.06931,0.06932,0.06931,0.06932,254.0
2025-05-22 20:36:00+00:00,0.06933,0.06941,0.06933,0.06935,7473.0
2025-05-22 20:37:00+00:00,0.0693,0.0693,0.06921,0.06923,11305.0
2025-05-22 20:38:00+00:00,0.06924,0.06926,0.06924,0.06924,981.0
2025-05-22 20:39:00+00:00,0.06924,0.06924,0.06921,0.06921,2357.0
2025-05-22 20:40:00+00:00,0.06919,0.06919,0.0691,0.0691,1423.0
2025-05-22 20:41:00+00:00,0.0691,0.0691,0.06906,0.06906,994.0
2025-05-22 20:42:00+00:00,0.06906,0.06911,0.06906,0.06911,7381.0
2025-05-22 20:43:00+00:00,0.0691,0.0691,0.06895,0.06895,4292.0
2025-05-22 20:44:00+00:00,0.06897,0.06899,0.06896,0.06896,2912.0
2025-05-22 20:45:00+00:00,0.069,0.06902,0.069,0.069,2731.0
2025-05-22 20:46:00+00:00,0.069,0.06905,0.069,0.06903,598.0
2025-05-22 20:47:00+00:00,0.06903,0.06903,0.06903,0.06903,1047.0
2025-05-22 20:48:00+00:00,0.06905,0.06925,0.06898,0.06911,59914.0
2025-05-22 20:49:00+00:00,0.06913,0.06934,0.06912,0.06929,65335.0
2025-05-22 20:50:00+00:00,0.06927,0.06927,0.06906,0.06908,30311.0
2025-05-22 20:51:00+00:00,0.06906,0.06906,0.06903,0.06904,421.0
2025-05-22 20:52:00+00:00,0.06909,0.06925,0.06909,0.06918,7339.0
2025-05-22 20:53:00+00:00,0.06918,0.06925,0.06917,0.06917,2797.0
2025-05-22 20:54:00+00:00,0.06924,0.06929,0.06924,0.06926,6258.0
2025-05-22 20:55:00+00:00,0.06928,0.06928,0.06928,0.06928,108.0
2025-05-22 20:56:00+00:00,0.06926,0.06929,0.06917,0.06917,6452.0
2025-05-22 20:57:00+00:00,0.06917,0.06925,0.06917,0.06923,5977.0
2025-05-22 20:58:00+00:00,0.06918,0.06924,0.06914,0.06921,7722.0
2025-05-22 20:59:00+00:00,0.06921,0.06925,0.06919,0.06921,1474.0
2025-05-22 21:00:00+00:00,0.0692,0.06923,0.06895,0.06898,60305.0
2025-05-22 21:01:00+00:00,0.06898,0.06907,0.06898,0.06907,8219.0
2025-05-22 21:02:00+00:00,0.06907,0.06909,0.06902,0.06902,7028.0
2025-05-22 21:03:00+00:00,0.06899,0.06899,0.06883,0.06898,29904.0
2025-05-22 21:04:00+00:00,0.06898,0.06899,0.06898,0.06899,1686.0
2025-05-22 21:05:00+00:00,0.06898,0.069,0.0687,0.0688,103103.0
2025-05-22 21:06:00+00:00,0.06874,0.06889,0.06874,0.06889,8334.0
2025-05-22 21:07:00+00:00,0.06889,0.0689,0.0688,0.0688,4325.0
2025-05-22 21:08:00+00:00,0.06884,0.06886,0.0688,0.06884,3263.0
2025-05-22 21:09:00+00:00,0.0688,0.0688,0.06845,0.06865,121760.0
2025-05-22 21:10:00+00:00,0.06868,0.06871,0.06867,0.06867,1053.0
2025-05-22 21:11:00+00:00,0.06871,0.06875,0.06865,0.0687,18243.0
2025-05-22 21:12:00+00:00,0.06876,0.06883,0.06876,0.06883,457.0
2025-05-22 21:13:00+00:00,0.06882,0.06889,0.06882,0.06886,19700.0
2025-05-22 21:14:00+00:00,0.06886,0.06887,0.06883,0.06883,847.0
2025-05-22 21:15:00+00:00,0.06887,0.06925,0.06886,0.06911,160863.0
2025-05-22 21:16:00+00:00,0.06914,0.06914,0.06903,0.06903,1939.0
2025-05-22 21:17:00+00:00,0.06908,0.06908,0.06903,0.06907,1721.0
2025-05-22 21:18:00+00:00,0.06903,0.06904,0.06902,0.06902,4270.0
2025-05-22 21:19:00+00:00,0.06903,0.06912,0.06903,0.06908,12403.0
2025-05-22 21:20:00+00:00,0.06908,0.06909,0.06904,0.06904,3147.0
2025-05-22 21:21:00+00:00,0.06909,0.06914,0.06909,0.06914,1253.0
2025-05-22 21:22:00+00:00,0.06918,0.06919,0.06907,0.06907,11469.0
2025-05-22 21:23:00+00:00,0.06906,0.06906,0.06879,0.06879,73798.0
2025-05-22 21:24:00+00:00,0.06884,0.06888,0.06882,0.06887,3648.0
2025-05-22 21:25:00+00:00,0.06887,0.06888,0.06873,0.06877,23283.0
2025-05-22 21:26:00+00:00,0.06882,0.06882,0.06826,0.06834,245655.0
2025-05-22 21:27:00+00:00,0.06836,0.06848,0.06836,0.06848,1972.0
2025-05-22 21:28:00+00:00,0.06843,0.06848,0.06829,0.06848,118741.0
2025-05-22 21:29:00+00:00,0.06847,0.06847,0.06811,0.06811,118881.0
2025-05-22 21:30:00+00:00,0.06823,0.0683,0.06811,0.0683,21827.0
2025-05-22 21:31:00+00:00,0.06831,0.06837,0.06822,0.06837,6241.0
2025-05-22 21:32:00+00:00,0.06837,0.06857,0.06826,0.06826,112016.0
2025-05-22 21:33:00+00:00,0.06835,0.06838,0.06831,0.06838,3998.0
2025-05-22 21:34:00+00:00,0.06836,0.06839,0.06828,0.06837,5159.0
2025-05-22 21:35:00+00:00,0.06839,0.06855,0.06839,0.06853,18032.0
2025-05-22 21:36:00+00:00,0.06853,0.06857,0.06853,0.06857,2031.0
2025-05-22 21:37:00+00:00,0.06852,0.06852,0.06844,0.06845,2460.0
2025-05-22 21:38:00+00:00,0.06845,0.06848,0.06845,0.06846,731.0
2025-05-22 21:39:00+00:00,0.0685,0.06859,0.0685,0.06856,2052.0
2025-05-22 21:40:00+00:00,0.06855,0.06855,0.06846,0.0685,3683.0
2025-05-22 21:41:00+00:00,0.06846,0.06846,0.06843,0.06843,1335.0
2025-05-22 21:42:00+00:00,0.06843,0.06846,0.06843,0.06843,321.0
2025-05-22 21:43:00+00:00,0.06846,0.06853,0.06846,0.06853,1014.0
2025-05-22 21:44:00+00:00,0.06853,0.06853,0.06851,0.06853,527.0
2025-05-22 21:45:00+00:00,0.06853,0.06853,0.06844,0.06851,13996.0
2025-05-22 21:46:00+00:00,0.06849,0.06856,0.06849,0.06853,11359.0
2025-05-22 21:47:00+00:00,0.06854,0.06856,0.06854,0.06855,939.0
2025-05-22 21:48:00+00:00,0.06855,0.06855,0.06847,0.06851,2064.0
2025-05-22 21:49:00+00:00,0.06847,0.06856,0.06846,0.06847,8979.0
2025-05-22 21:50:00+00:00,0.06846,0.06847,0.06836,0.06837,40893.0
2025-05-22 21:51:00+00:00,0.06836,0.06837,0.06835,0.06836,10447.0
2025-05-22 21:52:00+00:00,0.06834,0.06837,0.06834,0.06837,1064.0
2025-05-22 21:53:00+00:00,0.06836,0.06839,0.06825,0.06839,53497.0
2025-05-22 21:54:00+00:00,0.06838,0.06839,0.06835,0.06838,416.0
2025-05-22 21:55:00+00:00,0.0684,0.0684,0.06839,0.06839,1000.0
2025-05-22 21:56:00+00:00,0.06838,0.06838,0.06821,0.06838,10428.0
2025-05-22 21:57:00+00:00,0.06831,0.06841,0.06826,0.06834,25240.0
2025-05-22 21:58:00+00:00,0.06835,0.06839,0.06821,0.0683,12580.0
2025-05-22 21:59:00+00:00,0.06825,0.06842,0.06816,0.06838,33106.0
2025-05-22 22:00:00+00:00,0.0684,0.06847,0.06829,0.06841,1296.0
2025-05-22 22:01:00+00:00,0.06841,0.06841,0.06841,0.06841,618.0
2025-05-22 22:02:00+00:00,0.06843,0.06844,0.06843,0.06844,517.0
2025-05-22 22:03:00+00:00,0.06844,0.06844,0.06844,0.06844,109.0
2025-05-22 22:04:00+00:00,0.06843,0.06851,0.06843,0.06851,4773.0
2025-05-22 22:05:00+00:00,0.06855,0.06856,0.06852,0.06852,9130.0
2025-05-22 22:06:00+00:00,0.06852,0.06856,0.06852,0.06853,846.0
2025-05-22 22:07:00+00:00,0.06855,0.06856,0.06855,0.06856,4094.0
2025-05-22 22:08:00+00:00,0.06854,0.06854,0.06854,0.06854,118.0
2025-05-22 22:09:00+00:00,0.06854,0.06856,0.0685,0.06855,74401.0
2025-05-22 22:10:00+00:00,0.06856,0.06856,0.06855,0.06855,5401.0
2025-05-22 22:11:00+00:00,0.06856,0.06856,0.06855,0.06856,25464.0
2025-05-22 22:12:00+00:00,0.06855,0.06856,0.06851,0.06851,19067.0
2025-05-22 22:13:00+00:00,0.06851,0.06854,0.06851,0.06854,2111.0
2025-05-22 22:14:00+00:00,0.06852,0.06855,0.06851,0.06855,4064.0
2025-05-22 22:15:00+00:00,0.06855,0.06855,0.06852,0.06852,867.0
2025-05-22 22:16:00+00:00,0.06855,0.06855,0.06848,0.06848,1912.0
2025-05-22 22:17:00+00:00,0.0685,0.0685,0.0685,0.0685,486.0
2025-05-22 22:18:00+00:00,0.06845,0.06848,0.06842,0.06846,3233.0
2025-05-22 22:19:00+00:00,0.06846,0.06849,0.06846,0.06848,1122.0
2025-05-22 22:20:00+00:00,0.06848,0.06849,0.06847,0.06848,2666.0
2025-05-22 22:21:00+00:00,0.06848,0.06867,0.06848,0.06867,91860.0
2025-05-22 22:22:00+00:00,0.06866,0.06867,0.06857,0.06864,4021.0
2025-05-22 22:23:00+00:00,0.06856,0.06856,0.06851,0.06851,650.0
2025-05-22 22:24:00+00:00,0.06852,0.06853,0.06847,0.06847,804.0
2025-05-22 22:25:00+00:00,0.06853,0.06853,0.06852,0.06853,1035.0
2025-05-22 22:26:00+00:00,0.06854,0.06857,0.06852,0.06852,3764.0
2025-05-22 22:27:00+00:00,0.06856,0.06863,0.06856,0.06863,1482.0
2025-05-22 22:28:00+00:00,0.06862,0.06867,0.06862,0.06863,1743.0
2025-05-22 22:29:00+00:00,0.06863,0.06865,0.06834,0.06862,375779.0
2025-05-22 22:30:00+00:00,0.06861,0.0687,0.06857,0.06857,22819.0
2025-05-22 22:31:00+00:00,0.0686,0.06861,0.0686,0.06861,1329.0
2025-05-22 22:32:00+00:00,0.06863,0.06863,0.06831,0.06849,118632.0
2025-05-22 22:33:00+00:00,0.06849,0.06849,0.06848,0.06848,586.0
2025-05-22 22:34:00+00:00,0.06847,0.06847,0.06836,0.06837,2395.0
2025-05-22 22:35:00+00:00,0.06836,0.06838,0.0683,0.06835,5555.0
2025-05-22 22:36:00+00:00,0.06836,0.0684,0.06829,0.0684,6292.0
2025-05-22 22:37:00+00:00,0.0684,0.0684,0.06834,0.0684,11606.0
2025-05-22 22:38:00+00:00,0.06839,0.06843,0.06834,0.06834,19461.0
2025-05-22 22:39:00+00:00,0.06834,0.06839,0.06828,0.06828,13281.0
2025-05-22 22:40:00+00:00,0.06832,0.06836,0.06827,0.06831,6407.0
2025-05-22 22:41:00+00:00,0.0683,0.06846,0.06829,0.06845,36239.0
2025-05-22 22:42:00+00:00,0.06842,0.0685,0.06842,0.0685,6316.0
2025-05-22 22:43:00+00:00,0.0685,0.06853,0.06846,0.06846,6643.0
2025-05-22 22:44:00+00:00,0.06846,0.06846,0.06829,0.06837,28322.0
2025-05-22 22:45:00+00:00,0.06835,0.06835,0.06826,0.06826,10614.0
2025-05-22 22:46:00+00:00,0.06827,0.06836,0.06826,0.06835,17081.0
2025-05-22 22:47:00+00:00,0.06836,0.06837,0.06826,0.06832,7043.0
2025-05-22 22:48:00+00:00,0.06826,0.06828,0.0682,0.0682,20914.0
2025-05-22 22:49:00+00:00,0.06824,0.06824,0.06816,0.0682,8129.0
2025-05-22 22:50:00+00:00,0.06822,0.06837,0.0682,0.06836,25768.0
2025-05-22 22:51:00+00:00,0.06836,0.06836,0.06828,0.06829,28759.0
2025-05-22 22:52:00+00:00,0.06836,0.0684,0.06836,0.06838,6715.0
2025-05-22 22:53:00+00:00,0.06839,0.06842,0.06835,0.06835,8056.0
2025-05-22 22:54:00+00:00,0.06839,0.06839,0.06821,0.0683,73011.0
2025-05-22 22:55:00+00:00,0.0683,0.0683,0.06818,0.06818,6874.0
2025-05-22 22:56:00+00:00,0.06822,0.06822,0.06816,0.06817,7453.0
2025-05-22 22:57:00+00:00,0.06818,0.06823,0.06813,0.06813,4117.0
2025-05-22 22:58:00+00:00,0.06817,0.06818,0.06807,0.06807,21427.0
2025-05-22 22:59:00+00:00,0.06812,0.0682,0.06812,0.06818,12440.0
2025-05-22 23:00:00+00:00,0.06819,0.06819,0.06807,0.06811,9003.0
2025-05-22 23:01:00+00:00,0.06811,0.06814,0.06807,0.06813,4669.0
2025-05-22 23:02:00+00:00,0.06815,0.06817,0.06811,0.06817,10250.0
2025-05-22 23:03:00+00:00,0.06814,0.06815,0.06811,0.06811,10742.0
2025-05-22 23:04:00+00:00,0.06812,0.06816,0.06811,0.06811,6311.0
2025-05-22 23:05:00+00:00,0.06811,0.06813,0.06811,0.06812,12431.0
2025-05-22 23:06:00+00:00,0.06813,0.06814,0.06811,0.06814,5709.0
2025-05-22 23:07:00+00:00,0.06811,0.06811,0.06807,0.06808,12480.0
2025-05-22 23:08:00+00:00,0.06808,0.06808,0.06807,0.06808,5366.0
2025-05-22 23:09:00+00:00,0.06808,0.06813,0.06807,0.06813,6015.0
2025-05-22 23:10:00+00:00,0.06813,0.06814,0.06807,0.06807,10917.0
2025-05-22 23:11:00+00:00,0.06812,0.0682,0.06812,0.06818,12760.0
2025-05-22 23:12:00+00:00,0.06818,0.06819,0.06813,0.06818,7271.0
2025-05-22 23:13:00+00:00,0.06818,0.06823,0.06814,0.06822,11035.0
2025-05-22 23:14:00+00:00,0.06819,0.06832,0.06815,0.06832,9281.0
2025-05-22 23:15:00+00:00,0.06831,0.06833,0.06824,0.06833,16592.0
2025-05-22 23:16:00+00:00,0.06832,0.06833,0.0682,0.06823,32682.0
2025-05-22 23:17:00+00:00,0.06822,0.06848,0.06822,0.06848,107733.0
2025-05-22 23:18:00+00:00,0.06848,0.06848,0.06844,0.06844,5497.0
2025-05-22 23:19:00+00:00,0.06847,0.06847,0.06844,0.06844,6650.0
2025-05-22 23:20:00+00:00,0.06848,0.06849,0.06842,0.06848,5157.0
2025-05-22 23:21:00+00:00,0.06847,0.06847,0.0684,0.06841,9798.0
2025-05-22 23:22:00+00:00,0.06841,0.06841,0.06837,0.06837,5788.0
2025-05-22 23:23:00+00:00,0.06838,0.06838,0.0682,0.0682,104476.0
2025-05-22 23:24:00+00:00,0.06822,0.06825,0.06821,0.06825,6587.0
2025-05-22 23:25:00+00:00,0.06825,0.06827,0.06824,0.06825,6947.0
2025-05-22 23:26:00+00:00,0.06825,0.06829,0.06823,0.06823,7814.0
2025-05-22 23:27:00+00:00,0.06827,0.06827,0.06823,0.06826,4115.0
2025-05-22 23:28:00+00:00,0.06827,0.06844,0.06827,0.06844,25188.0
2025-05-22 23:29:00+00:00,0.06843,0.06855,0.06843,0.06851,15393.0
2025-05-22 23:30:00+00:00,0.06853,0.06855,0.0685,0.0685,7623.0
2025-05-22 23:31:00+00:00,0.0685,0.0685,0.06841,0.06841,4527.0
2025-05-22 23:32:00+00:00,0.06841,0.06841,0.0683,0.06833,8432.0
2025-05-22 23:33:00+00:00,0.06833,0.06833,0.0683,0.06831,7513.0
2025-05-22 23:34:00+00:00,0.06831,0.06833,0.06829,0.06831,6319.0
2025-05-22 23:35:00+00:00,0.06831,0.06833,0.06831,0.06833,2144.0
2025-05-22 23:36:00+00:00,0.06832,0.06836,0.06832,0.06836,1274.0
2025-05-22 23:37:00+00:00,0.06834,0.06836,0.06834,0.06834,579.0
2025-05-22 23:38:00+00:00,0.06836,0.06836,0.06836,0.06836,247.0
2025-05-22 23:39:00+00:00,0.06836,0.0684,0.06836,0.06839,14166.0
2025-05-22 23:40:00+00:00,0.06839,0.06841,0.06839,0.06841,430.0
2025-05-22 23:41:00+00:00,0.06841,0.06845,0.06841,0.06845,4602.0
2025-05-22 23:42:00+00:00,0.06845,0.06859,0.06845,0.06859,10776.0
2025-05-22 23:43:00+00:00,0.06859,0.06859,0.06859,0.06859,92.0
2025-05-22 23:44:00+00:00,0.06859,0.06859,0.06858,0.06859,769.0
2025-05-22 23:45:00+00:00,0.06857,0.06857,0.06853,0.06854,2053.0
2025-05-22 23:46:00+00:00,0.06854,0.06868,0.06854,0.06865,30400.0
2025-05-22 23:47:00+00:00,0.06869,0.06871,0.06867,0.06868,8801.0
2025-05-22 23:48:00+00:00,0.06869,0.06876,0.06869,0.06874,10332.0
2025-05-22 23:49:00+00:00,0.06876,0.06878,0.06876,0.06877,2106.0
2025-05-22 23:50:00+00:00,0.06878,0.0688,0.06876,0.06876,2345.0
2025-05-22 23:51:00+00:00,0.06874,0.06874,0.06864,0.06872,15422.0
2025-05-22 23:52:00+00:00,0.06873,0.06875,0.06873,0.06873,8361.0
2025-05-22 23:53:00+00:00,0.06874,0.06875,0.06871,0.06871,945.0
2025-05-22 23:54:00+00:00,0.06873,0.06878,0.06873,0.06878,18021.0
2025-05-22 23:55:00+00:00,0.06879,0.06879,0.06878,0.06878,371.0
2025-05-22 23:56:00+00:00,0.06877,0.06877,0.0687,0.06871,898.0
2025-05-22 23:57:00+00:00,0.06869,0.06869,0.06866,0.06866,678.0
2025-05-22 23:58:00+00:00,0.06868,0.0689,0.06867,0.06886,100679.0
2025-05-22 23:59:00+00:00,0.06887,0.06895,0.06884,0.06884,29987.0
2025-05-23 00:00:00+00:00,0.06882,0.06882,0.06865,0.06865,4969.0
2025-05-23 00:01:00+00:00,0.06868,0.0687,0.06865,0.06865,2216.0
2025-05-23 00:02:00+00:00,0.06866,0.06871,0.06863,0.06871,19815.0
2025-05-23 00:03:00+00:00,0.06872,0.06872,0.0686,0.0686,5065.0
2025-05-23 00:04:00+00:00,0.06861,0.06862,0.06846,0.06846,1358.0
2025-05-23 00:05:00+00:00,0.06845,0.06845,0.06808,0.0681,500086.0
2025-05-23 00:06:00+00:00,0.0681,0.06813,0.06809,0.06812,18373.0
2025-05-23 00:07:00+00:00,0.06816,0.06841,0.06816,0.06841,29157.0
2025-05-23 00:08:00+00:00,0.0684,0.06848,0.0684,0.06848,4322.0
2025-05-23 00:09:00+00:00,0.06853,0.06867,0.06851,0.06866,126393.0
2025-05-23 00:10:00+00:00,0.06857,0.06857,0.06822,0.06833,312656.0
2025-05-23 00:11:00+00:00,0.06836,0.06841,0.06832,0.06832,7384.0
2025-05-23 00:12:00+00:00,0.06835,0.06874,0.06835,0.0686,243155.0
2025-05-23 00:13:00+00:00,0.06862,0.06871,0.06853,0.06864,11068.0
2025-05-23 00:14:00+00:00,0.06858,0.06858,0.06842,0.06842,636.0
2025-05-23 00:15:00+00:00,0.06837,0.06837,0.06827,0.06832,8207.0
2025-05-23 00:16:00+00:00,0.06831,0.06833,0.06828,0.06831,13551.0
2025-05-23 00:17:00+00:00,0.06833,0.06836,0.06825,0.06827,4250.0
2025-05-23 00:18:00+00:00,0.06825,0.06825,0.06813,0.06813,4829.0
2025-05-23 00:19:00+00:00,0.06817,0.06817,0.06786,0.06786,84741.0
2025-05-23 00:20:00+00:00,0.06786,0.0679,0.06786,0.06788,6731.0
2025-05-23 00:21:00+00:00,0.06789,0.06803,0.06789,0.068,5603.0
2025-05-23 00:22:00+00:00,0.06801,0.06801,0.06783,0.06786,11597.0
2025-05-23 00:23:00+00:00,0.06783,0.06783,0.0678,0.0678,5980.0
2025-05-23 00:24:00+00:00,0.06784,0.0679,0.06784,0.06785,1988.0
2025-05-23 00:25:00+00:00,0.06785,0.06789,0.0678,0.0678,50926.0
2025-05-23 00:26:00+00:00,0.06785,0.06787,0.06781,0.06781,3473.0
2025-05-23 00:27:00+00:00,0.06781,0.06781,0.06772,0.0678,14699.0
2025-05-23 00:28:00+00:00,0.06776,0.06776,0.06732,0.06737,303387.0
2025-05-23 00:29:00+00:00,0.06738,0.06749,0.06738,0.06749,777.0
2025-05-23 00:30:00+00:00,0.06747,0.0675,0.06742,0.06742,1822.0
2025-05-23 00:31:00+00:00,0.06742,0.06742,0.06733,0.06733,2211.0
2025-05-23 00:32:00+00:00,0.06736,0.0674,0.06733,0.0674,1035.0
2025-05-23 00:33:00+00:00,0.06738,0.06739,0.06733,0.06736,9864.0
2025-05-23 00:34:00+00:00,0.06736,0.06739,0.06732,0.06737,26853.0
2025-05-23 00:35:00+00:00,0.06737,0.06751,0.06736,0.06736,55002.0
2025-05-23 00:36:00+00:00,0.06736,0.06749,0.06736,0.06749,1382.0
2025-05-23 00:37:00+00:00,0.06749,0.06749,0.06749,0.06749,304.0
2025-05-23 00:38:00+00:00,0.0675,0.06775,0.0675,0.06775,29833.0
2025-05-23 00:39:00+00:00,0.06772,0.06774,0.06772,0.06774,514.0
2025-05-23 00:40:00+00:00,0.06774,0.06774,0.06774,0.06774,9894.0
2025-05-23 00:41:00+00:00,0.06773,0.06777,0.06773,0.06773,1555.0
2025-05-23 00:42:00+00:00,0.06777,0.06791,0.06777,0.06791,1914.0
2025-05-23 00:43:00+00:00,0.06785,0.06798,0.0678,0.06798,70200.0
2025-05-23 00:44:00+00:00,0.06798,0.06798,0.06796,0.06796,277.0
2025-05-23 00:45:00+00:00,0.06795,0.06795,0.06765,0.06765,6809.0
2025-05-23 00:46:00+00:00,0.06771,0.06783,0.06771,0.06783,1304.0
2025-05-23 00:47:00+00:00,0.06784,0.06791,0.06784,0.06791,300.0
2025-05-23 00:48:00+00:00,0.06787,0.06792,0.06776,0.06776,19343.0
2025-05-23 00:49:00+00:00,0.06781,0.06786,0.06773,0.06784,15599.0
2025-05-23 00:50:00+00:00,0.06786,0.06789,0.06778,0.06784,3368.0
2025-05-23 00:51:00+00:00,0.06778,0.06784,0.06773,0.0678,2029.0
2025-05-23 00:52:00+00:00,0.0678,0.06782,0.06777,0.06778,2051.0
2025-05-23 00:53:00+00:00,0.06781,0.06781,0.06768,0.06768,48565.0
2025-05-23 00:54:00+00:00,0.06767,0.06767,0.06766,0.06767,19765.0
2025-05-23 00:55:00+00:00,0.06767,0.06768,0.06762,0.06763,2347.0
2025-05-23 00:56:00+00:00,0.06767,0.06772,0.06767,0.06767,590.0
2025-05-23 00:57:00+00:00,0.06774,0.06774,0.06767,0.06772,7363.0
2025-05-23 00:58:00+00:00,0.06774,0.06782,0.06774,0.0678,2665.0
2025-05-23 00:59:00+00:00,0.06782,0.06782,0.0678,0.06781,5695.0
